Name,Team,G,PA,HR,R,RBI,SB,BB%,K%,ISO,BABIP,AVG,OBP,SLG,wOBA,xwOBA,wRC+,BsR,Off,Def,WAR,NameASCII,PlayerId,MLBAMID
"Aaron Judge","NYY",158,704,58,122,144,10,0.188920454,0.242897727,0.379248659,0.367469879,0.322003577,0.458036984,0.701252236,0.4757340011100992,0.4809395285213695,219.7835722854021,-0.495271660387516,95.99322220590903,-9.57552433013916,11.334959280427839,"Aaron Judge",15640,592450
"Bobby Witt Jr.","KCR",161,709,32,125,109,31,0.080394922,0.149506346,0.256289308,0.35375494,0.331761006,0.389280677,0.588050314,0.40973835374627793,0.40694056919642857,169.13393177564416,4.4858090952038765,60.57034097208533,17.496928215026855,10.489661984608478,"Bobby Witt Jr.",25764,677951
"Shohei Ohtani","LAD",159,731,54,134,130,59,0.110807113,0.221614227,0.336477988,0.336470588,0.309748427,0.39010989,0.646226415,0.43054929176412915,0.44389798050139273,179.6782932394558,9.73534832149744,79.38495752480254,-17.17592430114746,8.94855915206399,"Shohei Ohtani",19755,660271
"Juan Soto","NYY",157,713,41,128,109,7,0.180925666,0.16690042,0.28125,0.297619047,0.288194444,0.419354838,0.569444444,0.4205848819428188,0.4636422871534512,180.99055562627643,-3.8687386885285378,62.20509648624051,-5.565011024475098,8.290403914187088,"Juan Soto",20123,665742
"Gunnar Henderson","BAL",159,719,37,118,92,21,0.108484005,0.221140472,0.247619048,0.319634703,0.28095238,0.364394993,0.528571428,0.38146476194387025,0.37391566563319495,153.79507079266284,3.9880658090114594,48.24455726015132,4.381449222564697,7.896378175117105,"Gunnar Henderson",26289,683002
"Francisco Lindor","NYM",152,689,33,107,91,29,0.081277213,0.184325108,0.226537217,0.295010845,0.273462783,0.343976777,0.5,0.36288581496572286,0.38103285501169604,136.87564878805517,4.003861710429192,34.386128730566824,17.448684215545654,7.732129732801081,"Francisco Lindor",12916,596019
"Jarren Duran","BOS",160,735,21,111,75,34,0.073469387,0.217687074,0.207153502,0.344827586,0.284649776,0.341961852,0.491803278,0.3568673902286514,0.33954088805151766,130.74070663303564,8.320960067212582,34.17371282348279,7.7204811573028564,6.842792210282063,"Jarren Duran",24617,680776
"Elly De La Cruz","CIN",160,696,25,105,76,67,0.099137931,0.31321839,0.21197411,0.359042553,0.258899676,0.338616714,0.470873786,0.34864824028373453,0.3298914370329484,119.26510609565474,7.458791613578796,23.492793452431314,16.667002201080322,6.550527704390292,"Elly De La Cruz",26668,682829
"José Ramírez","CLE",158,682,39,114,118,41,0.079178885,0.120234604,0.258064516,0.265346534,0.279032258,0.334801762,0.537096774,0.3642762730118049,0.3333672949729657,141.43936858837043,6.2889870554208755,38.62623908652469,1.243952989578247,6.452328074502275,"Jose Ramirez",13510,608070
"Ketel Marte","ARI",136,583,36,93,95,7,0.111492281,0.181818181,0.267857143,0.299191374,0.291666666,0.372212692,0.559523809,0.3909995480337077,0.39414922007313974,151.5932209536712,0.9326784834265709,36.90119123990885,4.792233824729919,6.318788996285611,"Ketel Marte",13613,606466
"William Contreras","MIL",155,679,23,99,92,9,0.114874815,0.204712812,0.18487395,0.330275229,0.280672268,0.365243004,0.465546218,0.3587271837346278,0.3591032848867535,131.57793467399807,-2.575035162270069,23.064773541523095,7.381562352180481,5.488651739986147,"William Contreras",20503,661388
"Matt Chapman","SFG",154,647,27,98,78,15,0.098918083,0.244204018,0.215652174,0.293367346,0.246956521,0.327666151,0.462608695,0.34013576694527026,0.3417041044280003,120.6726386704186,3.6806269511580467,19.674788521525187,11.447599172592163,5.447993975769762,"Matt Chapman",16505,656305
"Cal Raleigh","SEA",153,628,34,73,100,6,0.111464968,0.280254777,0.216117216,0.251461988,0.219780219,0.31210191,0.435897435,0.32256641812049425,0.34666320408902235,117.55250684811342,-2.577874943614006,10.03471865745432,21.550546884536743,5.411826653833569,"Cal Raleigh",21534,663728
"Jackson Merrill","SDP",156,593,24,77,90,16,0.048903878,0.170320404,0.207581228,0.31797235,0.292418772,0.32597623,0.5,0.351507786788097,0.3753677679567921,129.64684290775756,3.721755400300026,24.74474279421471,7.192627429962158,5.3457304461491475,"Jackson Merrill",29490,701538
"Vladimir Guerrero Jr.","TOR",159,697,30,98,103,2,0.103299856,0.137733142,0.22077922,0.342105263,0.323051948,0.395982783,0.543831168,0.39789022276871394,0.4129388982599432,164.49173188476283,-5.594869069755077,45.83819826287797,-17.428866386413574,5.320024514642186,"Vladimir Guerrero Jr.",19611,665489
"Yordan Alvarez","HOU",147,635,35,88,86,6,0.108661417,0.149606299,0.259057971,0.316901408,0.307971014,0.392125984,0.567028985,0.40158736975397163,0.41476764400735666,167.06348230854238,-2.903316155076027,45.82320807732856,-16.452189445495605,5.207106688521867,"Yordan Alvarez",19556,670541
"Brent Rooker","OAK",145,614,39,82,112,11,0.096091205,0.288273615,0.269230769,0.362275449,0.293040293,0.364820846,0.562271062,0.39218441668103954,0.3811160639712685,163.63141597278016,0.7568249627947807,45.4607407277596,-16.319454431533813,5.111493169542987,"Brent Rooker",19627,667670
"Bryce Harper","PHI",145,631,30,85,87,7,0.12044374,0.218700475,0.24,0.330729166,0.285454545,0.373015873,0.525454545,0.38021706340771305,0.35910433102277367,143.72135955460536,-0.4898614436388016,32.50028944371691,-4.232383728027344,5.0979501282669775,"Bryce Harper",11579,547180
"Willy Adames","MIL",161,688,32,93,112,21,0.107558139,0.251453488,0.211475409,0.296568627,0.250819672,0.331395348,0.462295081,0.34193181539103934,0.341207106096031,120.27350052093948,1.2317712530493736,17.911096026327197,5.976341724395752,4.842335810348562,"Willy Adames",15986,642715
"Marcell Ozuna","ATL",162,688,39,96,104,1,0.107558139,0.247093023,0.244224422,0.359102244,0.301980198,0.378457059,0.54620462,0.39450213334856243,0.40405732985825565,154.4543814593856,-4.604921892285347,40.19554622376367,-17.5,4.719239959530004,"Marcell Ozuna",10324,542303
"Corey Seager","TEX",123,533,30,68,74,1,0.099437148,0.18011257,0.233684211,0.29059829,0.277894736,0.35272045,0.511578947,0.364663478286787,0.39080930856557994,141.93696475653223,-5.232432544231415,20.343401841284805,6.94588303565979,4.642943140123882,"Corey Seager",13624,608369
"Jurickson Profar","SDP",158,668,24,94,85,10,0.113772455,0.151197604,0.179078015,0.301801801,0.280141843,0.380090497,0.459219858,0.365296050431334,0.3664177068267498,138.92728947203236,-0.7629592474550009,30.332137434188127,-10.619479179382324,4.342124775454071,"Jurickson Profar",10815,595777
"Corbin Carroll","ARI",158,684,22,121,74,35,0.106725146,0.190058479,0.196943973,0.255605381,0.23089983,0.321585903,0.427843803,0.3248603077011837,0.329689624927662,107.07697861964971,11.086577944457531,16.8750677085523,2.2997801303863525,4.3418203663781965,"Corbin Carroll",25878,682998
"Mookie Betts","LAD",116,516,19,75,75,16,0.118217054,0.110465116,0.202222223,0.293650793,0.288888888,0.372093023,0.491111111,0.3709689515573969,0.3629713448864675,139.57664027743849,0.6120042651891708,25.032243234556706,-0.6782671213150024,4.296694964745157,"Mookie Betts",13611,605141
"Marcus Semien","TEX",159,718,23,101,74,8,0.08913649,0.146239554,0.153846154,0.250478011,0.236923076,0.307799442,0.39076923,0.30588280763373027,0.31968205306172204,100.58944061998207,1.4903829023241997,1.9746334411112954,15.71020221710205,4.284310179199466,"Marcus Semien",12533,543760
"Rafael Devers","BOS",138,601,28,87,83,3,0.111480865,0.244592346,0.243809524,0.323033707,0.272380952,0.354409317,0.516190476,0.36402783280133794,0.3657234909188034,135.77750816682595,-0.8942356556653976,23.708883440391812,-2.5807816982269287,4.2394080094517115,"Rafael Devers",17350,646240
"Dansby Swanson","CHC",149,593,16,82,66,19,0.091062394,0.242833052,0.147940075,0.299734748,0.241573033,0.311973018,0.389513108,0.30656940884598216,0.32316527285818325,97.49036048581739,4.4247100949287415,2.6450899163455643,18.356961727142334,4.216355570823021,"Dansby Swanson",18314,621020
"Steven Kwan","CLE",122,540,14,83,44,12,0.098148148,0.094444444,0.133333334,0.303614457,0.291666666,0.368029739,0.425,0.3494486094185854,0.336855523205158,131.00928721131478,0.1757170334458351,19.33552494608666,3.291461944580078,4.185394017757066,"Steven Kwan",24610,680757
"Alex Bregman","HOU",145,634,26,79,75,3,0.06940063,0.135646687,0.192771085,0.264270613,0.259896729,0.315457413,0.452667814,0.3307042115295856,0.32537634161454215,117.20282126136706,-2.32157251983881,10.157851530299427,9.07112717628479,4.156236627614604,"Alex Bregman",17678,608324
"Jazz Chisholm Jr.","- - -",147,621,24,74,73,40,0.085346215,0.244766505,0.179715302,0.30927835,0.256227758,0.323671497,0.43594306,0.32729744707996195,0.3168021708435655,110.69860007689752,6.157852970063686,13.772830977390301,4.2822107672691345,4.0030753627059115,"Jazz Chisholm Jr.",20454,665862
"Julio Rodríguez","SEA",143,613,20,76,68,24,0.061990212,0.254486133,0.135802469,0.34351145,0.273368606,0.324632952,0.409171075,0.32055336402522194,0.3484102136948529,116.13648348758166,1.9585171416401863,13.276655008431439,4.657743453979492,3.9506480342833514,"Julio Rodriguez",23697,677594
"Freddie Freeman","LAD",147,638,22,81,89,9,0.122257053,0.156739811,0.193726938,0.306074766,0.282287822,0.377742946,0.47601476,0.36535710949207906,0.3680987024003533,135.79948589731632,-1.4705990627408028,25.841731057288726,-8.921481013298035,3.9501572648169248,"Freddie Freeman",5361,518692
"Riley Greene","DET",137,584,24,82,74,4,0.109589041,0.267123287,0.216796875,0.329341317,0.26171875,0.34819897,0.478515625,0.35539623961366457,0.3551679681108884,133.72925301154325,-0.1670323684811592,22.37147637468277,-3.6058192253112793,3.9372256268678005,"Riley Greene",25976,682985
"Jackson Chourio","MIL",148,573,21,80,79,22,0.068062827,0.211169284,0.189393939,0.319587628,0.274621212,0.326923076,0.464015151,0.33854969905715593,0.3271342551687197,117.99710439718523,3.9631444588303566,16.294719278040255,2.5781469345092773,3.9274088466165615,"Jackson Chourio",28806,694192
"Nico Hoerner","CHC",151,641,7,86,48,31,0.068642745,0.102964118,0.099656357,0.296875,0.273195876,0.335413416,0.372852233,0.3131190129555762,0.31806489708651214,101.89869300171439,4.9888085797429085,6.44418074163729,9.797253847122192,3.8904081388463077,"Nico Hoerner",21479,663538
"Trea Turner","PHI",121,539,21,88,62,19,0.050092764,0.181818181,0.174257426,0.330749354,0.295049504,0.337662337,0.46930693,0.3490665514084315,0.32174241744107646,122.75492973144709,2.6365917176008224,17.30306003082867,2.0466654300689697,3.8592739991692535,"Trea Turner",16252,607208
"Jose Altuve","HOU",153,682,20,94,65,22,0.068914956,0.174486803,0.144904458,0.337423312,0.294585987,0.350439882,0.439490445,0.344237520589548,0.31915624784264546,126.72242722685445,-0.7089373022317886,20.143935064171327,-5.394512057304382,3.857912079547575,"Jose Altuve",5417,514888
"Eugenio Suárez","ARI",158,640,30,90,101,2,0.0765625,0.275,0.213660246,0.308510638,0.255691768,0.31875,0.469352014,0.3372951490804553,0.3366846288525083,115.44647922839142,-1.114725163206458,10.706725202296505,5.168506145477295,3.849135035198385,"Eugenio Suarez",12552,553993
"Colton Cowser","BAL",153,561,24,77,69,9,0.092691622,0.306595365,0.204408818,0.316993464,0.242484969,0.320855614,0.446893787,0.3314574734042923,0.3331306198202007,118.6189228018079,1.124476321041584,13.075992944735587,5.499361038208008,3.838837854871302,"Colton Cowser",29591,681297
"Ezequiel Tovar","COL",157,695,26,83,78,6,0.033093525,0.287769784,0.2,0.344036697,0.26870229,0.294629898,0.46870229,0.3244099165637826,0.29165700797978816,94.34281409814777,0.06289985030889511,-4.638709478025523,16.835220336914062,3.659090674650288,"Ezequiel Tovar",24064,678662
"Masyn Winn","STL",150,637,15,85,57,11,0.064364207,0.171114599,0.148211244,0.303418803,0.267461669,0.313880126,0.415672913,0.315483457292614,0.2951017107282366,103.83917595298146,2.2214462757110596,5.145859461464935,8.499488115310669,3.608480309032025,"Masyn Winn",27479,691026
"Oneil Cruz","PIT",146,599,21,72,76,22,0.085141903,0.302170283,0.190388171,0.346938775,0.258780036,0.323873121,0.449168207,0.3310161504881952,0.3451237048132945,110.33786992820657,5.253063254058361,12.657962783080123,2.1324944496154785,3.5955509890686477,"Oneil Cruz",21711,665833
"Brenton Doyle","COL",149,603,23,82,72,30,0.07628524,0.253731343,0.186346863,0.315508021,0.260147601,0.317195325,0.446494464,0.3279812993811923,0.3308289139359086,96.74659953880382,5.354539439082146,3.008603652115349,11.350025177001953,3.564762589381628,"Brenton Doyle",25479,686668
"Ian Happ","CHC",153,657,25,89,86,13,0.121765601,0.255707762,0.198594025,0.298941798,0.242530755,0.340943683,0.44112478,0.34104491788439634,0.3470029641653745,120.6947412320549,1.2588126361370087,17.517543955832764,-5.025836944580078,3.558384217694172,"Ian Happ",17919,664023
"Zach Neto","LAA",155,602,23,70,77,30,0.064784053,0.232558139,0.193726938,0.294736842,0.24907749,0.317725752,0.442804428,0.32995627543435024,0.3190859340181287,114.88853789941251,1.7759534046053886,12.031389893557858,2.3028039932250977,3.5411718351683,"Zach Neto",31347,687263
"Manny Machado","SDP",152,643,29,77,105,11,0.069984447,0.192846034,0.197301855,0.301801801,0.274873524,0.32503888,0.472175379,0.3396645368923385,0.3401139627291462,121.67552391873824,-0.36485035717487335,16.301551947535394,-3.6292690336704254,3.528699186013804,"Manny Machado",11493,592518
"Anthony Volpe","NYY",160,689,12,90,60,28,0.06095791,0.226415094,0.120879121,0.302966101,0.2433281,0.293002915,0.364207221,0.28735230665137296,0.27838217547911703,87.27204133519592,5.0442536026239395,-4.989965630833906,15.953886985778809,3.490916491903395,"Anthony Volpe",27647,683011
"Seiya Suzuki","CHC",132,585,21,74,73,16,0.107692307,0.273504273,0.19921875,0.370149253,0.283203125,0.365811965,0.482421875,0.36487284691882704,0.3484517818063549,136.7325707850044,-0.8127775117754936,24.883397093407343,-11.004959225654602,3.4530251987974805,"Seiya Suzuki",30116,673548
"Alec Bohm","PHI",143,606,15,62,97,5,0.0660066,0.141914191,0.167870036,0.305010893,0.279783393,0.331683168,0.447653429,0.3352790382129467,0.34475500979016177,113.47498826994982,-2.6210277378559113,7.143748692756864,5.862979352474213,3.4354987388490756,"Alec Bohm",21618,664761
"Teoscar Hernández","LAD",154,652,33,84,99,12,0.081288343,0.288343558,0.229202037,0.344173441,0.271646859,0.339477726,0.500848896,0.359840165041847,0.34669400293270625,132.08620411701298,0.5999196097254753,25.616458409545356,-14.332844257354736,3.4163528083224923,"Teoscar Hernandez",13066,606192
"Isaac Paredes","- - -",153,641,19,64,80,1,0.118564742,0.163806552,0.154981549,0.259433962,0.23800738,0.346333853,0.392988929,0.327380766424588,0.30940429257674956,116.36798017405934,-0.7903815433382988,11.053570590341769,0.19765031337738037,3.3624775278247707,"Isaac Paredes",20036,670623
"Kyle Schwarber","PHI",150,692,38,110,104,5,0.15317919,0.28468208,0.237347295,0.300578034,0.247818499,0.365606936,0.485165794,0.36580757077696713,0.38023195504094986,134.02278329888222,-2.4101226404309273,25.743690112890388,-16.537389278411865,3.339911179286023,"Kyle Schwarber",16478,656941
"Salvador Perez","KCR",158,652,27,58,104,0,0.067484662,0.19785276,0.184745763,0.302272727,0.27118644,0.330261136,0.455932203,0.33502383720466283,0.3613753341173342,116.57821504541221,-5.638388641178608,6.729369162599838,3.4370458126068115,3.2818932940084187,"Salvador Perez",7304,521692
"Anthony Santander","BAL",155,665,44,91,102,2,0.087218045,0.193984962,0.270588235,0.224824355,0.235294117,0.308270676,0.505882352,0.3451743663437777,0.3271819560502553,128.2676654172403,-2.7244119718670845,18.78443823013811,-9.699225664138794,3.214730816546049,"Anthony Santander",14551,623993
"JJ Bleday","OAK",159,642,20,74,60,2,0.10436137,0.194704049,0.194055944,0.278688524,0.243006993,0.324492979,0.437062937,0.33021923363302047,0.3216156578959434,120.0438407845668,-2.59663475304842,12.127221870653235,-2.3956093788146973,3.202755840257476,"JJ Bleday",26368,668709
"Joey Ortiz","MIL",142,511,11,58,60,11,0.109589041,0.201565557,0.159090909,0.28313253,0.238636363,0.328740157,0.397727272,0.3187137223838821,0.30670558039849927,104.64613241625626,-0.153630830347538,2.6854239189410603,11.072941303253174,3.1851420065712563,"Joey Ortiz",25493,687401
"Nolan Arenado","STL",152,635,16,70,71,2,0.069291338,0.144881889,0.12283737,0.295597484,0.271626297,0.324921135,0.394463667,0.3136587862538386,0.29794544038318455,102.6110472697124,-2.0995080694556236,-0.11684122570275424,9.719988584518433,3.1841061192813926,"Nolan Arenado",9777,571448
"Brendan Donovan","STL",153,652,14,65,73,5,0.072085889,0.124233128,0.139693356,0.299798792,0.277683134,0.342024539,0.41737649,0.33223725133146975,0.3409130371843798,115.11562774919648,-1.778129830956459,10.007018910614594,-1.0515611171722412,3.175906105467001,"Brendan Donovan",24679,680977
"Daulton Varsho","TOR",136,513,18,73,58,10,0.093567251,0.26705653,0.193899782,0.262295081,0.213507625,0.29296875,0.407407407,0.304275134421608,0.2658830204272317,98.6409669653947,1.5670011267066002,0.7692765248187414,12.695324957370758,3.1466971459522766,"Daulton Varsho",19918,662139
"Wyatt Langford","TEX",134,557,16,74,74,19,0.091561938,0.206463195,0.162324649,0.296495956,0.25250501,0.324955116,0.414829659,0.32110500604667386,0.3321077654885294,111.29704584628975,4.3645113334059715,11.564398555874856,-0.2643098831176758,3.0737721553109094,"Wyatt Langford",33333,694671
"Tyler Stephenson","CIN",138,515,19,69,66,1,0.093203883,0.227184466,0.185995623,0.306501547,0.258205689,0.337864077,0.444201312,0.33936225926434554,0.3246214687824249,113.01500435136597,-3.3928532004356384,4.622318515726009,7.78378963470459,3.0592938237870975,"Tyler Stephenson",17988,663886
"Christian Walker","ARI",130,552,26,72,84,2,0.099637681,0.240942028,0.217118998,0.286585365,0.25052192,0.335144927,0.467640918,0.3434478165241924,0.35420117658727307,119.58764615968676,-3.2036290392279625,9.72589721127775,1.3757238388061523,3.052310538791226,"Christian Walker",13419,572233
"Luis García Jr.","WSN",140,528,18,58,70,22,0.051136363,0.162878787,0.162,0.309823677,0.282,0.318181818,0.444,0.3281335896412229,0.3348572649274554,110.26560092143444,0.5365732163190842,7.018133785923732,4.5627323389053345,3.0189467375919117,"Luis Garcia Jr.",20391,671277
"Yainer Diaz","HOU",148,619,16,70,84,2,0.038772213,0.17285945,0.141880342,0.338297872,0.299145299,0.324717285,0.441025641,0.3288189165028939,0.3431905771230722,115.87666623872789,-1.56371608376503,9.681183238877532,-1.54288250207901,2.9594685266377945,"Yainer Diaz",23003,673237
"Carlos Santana","MIN",150,594,23,63,71,4,0.109427609,0.166666666,0.182341651,0.251870324,0.238003838,0.328282828,0.420345489,0.32645044845171184,0.3326018252615201,112.85098632720843,-0.9534133151173592,7.780894914005341,0.844996452331543,2.9242456786999664,"Carlos Santana",2396,467793
"Nathaniel Lowe","TEX",140,565,16,62,69,2,0.125663716,0.221238938,0.135802469,0.323782234,0.265432098,0.361061946,0.401234567,0.3372676782574214,0.33229811590337244,122.66619954801395,-0.8465505018830299,13.806659140507445,-4.222263336181641,2.923964923550242,"Nathaniel Lowe",19566,663993
"Willi Castro","MIN",158,635,12,89,60,14,0.08031496,0.236220472,0.137992832,0.315,0.247311827,0.331230283,0.385304659,0.3171236067540262,0.3234887907776651,106.29029540741563,-0.6003614813089371,3.969998139867191,3.267853558063507,2.9212434590142653,"Willi Castro",17338,650489
"Josh Smith","TEX",149,592,13,67,62,11,0.077702702,0.204391891,0.135755258,0.311224489,0.258126195,0.337288135,0.393881453,0.3227134973367325,0.3092953175154526,112.42849146778795,-0.5736059546470642,7.845107592901803,0.7673776745796204,2.916014719157591,"Josh Smith",26396,669701
"Jonathan India","CIN",151,637,15,84,58,13,0.125588697,0.196232339,0.144465291,0.2925,0.247654784,0.357480314,0.392120075,0.33337109332948217,0.35369952469594096,108.98253900584913,-0.05377727746963501,6.788486747927218,0.1282945885322988,2.913569264355192,"Jonathan India",21523,663697
"Taylor Ward","LAA",156,663,25,73,75,6,0.095022624,0.245852187,0.179487179,0.29382716,0.246153846,0.322775263,0.425641025,0.32538151929820824,0.34549720049624716,111.67056100911094,-2.571352504193783,6.282063453853397,-0.8674530982971191,2.828792945943823,"Taylor Ward",17548,621493
"Brandon Nimmo","NYM",151,663,23,88,90,15,0.116138763,0.238310708,0.175131348,0.267175572,0.224168126,0.32730015,0.399299474,0.32051343887234024,0.33825581868489585,108.35613521399686,2.479599617421627,9.104514024823864,-4.3852715492248535,2.7763765132636475,"Brandon Nimmo",12927,607043
"Andrés Giménez","CLE",152,633,9,64,63,30,0.041074249,0.153238546,0.087478559,0.285714285,0.252144082,0.298412698,0.339622641,0.28149777878259435,0.30095423954658934,83.21128527282949,2.2156159207224846,-9.944193464056607,15.688987731933594,2.7601974694050764,"Andres Gimenez",19950,665926
"Jeremy Peña","HOU",157,650,15,78,70,20,0.038461538,0.17076923,0.127906977,0.300829875,0.26578073,0.307573415,0.393687707,0.3050573243998891,0.31361267945476784,99.16227710219016,2.172145076096058,1.5491001689817616,3.3890154361724854,2.7350799973773294,"Jeremy Pena",21636,665161
"Adley Rutschman","BAL",148,638,19,68,79,1,0.09090909,0.161442006,0.140105079,0.271929824,0.250437828,0.318181818,0.390542907,0.30890228964212374,0.3204838790292815,102.75314592908194,-2.9677981063723564,-0.957985723593497,6.191771328449249,2.724537675113767,"Adley Rutschman",26288,668939
"Jacob Young","WSN",150,521,3,75,36,33,0.057581573,0.195777351,0.074786325,0.320547945,0.256410256,0.31640625,0.331196581,0.2896075388416648,0.29149270245409387,84.33492792090736,4.273840069770813,-5.485746151515205,13.89448356628418,2.667169235998416,"Jacob Young",29931,696285
"Will Smith","LAD",128,544,20,77,75,1,0.09375,0.193014705,0.18487395,0.272980501,0.247899159,0.327205882,0.432773109,0.3257519090928996,0.3366978773430212,109.14247124469465,-1.2009476649109274,4.746406303154666,2.3400936126708984,2.6100182292158864,"Will Smith",19197,669257
"Matt Olson","ATL",162,685,29,78,98,0,0.103649635,0.248175182,0.21,0.293103448,0.246666666,0.332846715,0.456666666,0.33945008884457983,0.3410483591655302,117.40058190255142,-3.614585906267166,10.63872071416123,-8.30626630783081,2.605828676195739,"Matt Olson",14344,621566
"Brice Turang","MIL",155,619,7,72,57,50,0.080775444,0.169628432,0.094812165,0.3,0.254025044,0.315960912,0.348837209,0.29423238577694916,0.30165485319544055,88.1685147784398,7.249273017048836,-1.5084498684378111,5.543793678283691,2.553836580333091,"Brice Turang",22186,668930
"Matt Vierling","DET",144,567,16,80,57,6,0.072310405,0.21340388,0.166023166,0.303108808,0.256756756,0.312169312,0.422779922,0.3174157493316664,0.31111639973083277,107.01300052232018,2.773012660443783,7.322815081970244,-3.45133113861084,2.3407947653078893,"Matt Vierling",21558,663837
"Heliot Ramos","SFG",121,518,22,54,72,6,0.071428571,0.26061776,0.2,0.329192546,0.269473684,0.322393822,0.469473684,0.3387795454540918,0.33786463737487793,119.75980864309486,-0.6154462620615959,11.624338439834188,-6.525151968002319,2.3150089356043866,"Heliot Ramos",22515,671218
"Josh Naylor","CLE",152,633,31,84,108,6,0.091627172,0.165876777,0.213143873,0.245939675,0.243339253,0.319620253,0.456483126,0.33160023488998414,0.3372639124887139,118.45437607436351,-2.548099420964718,10.818123010352243,-9.86380934715271,2.2654475089225397,"Josh Naylor",18839,647304
"Michael Busch","CHC",152,567,21,73,65,2,0.111111111,0.285714285,0.191532259,0.321766561,0.24798387,0.335097001,0.439516129,0.3364596908168321,0.32410807651756085,117.60856911592568,-1.6106901913881302,10.328322383293635,-8.014784336090088,2.196484244101778,"Michael Busch",26319,683737
"Bryan Reynolds","PIT",156,692,24,73,88,10,0.082369942,0.225433526,0.172025723,0.330337078,0.274919614,0.343930635,0.446945337,0.3427446141990418,0.3532597793068254,118.23192994662918,0.9787648841738701,16.06566525149137,-18.195941925048828,2.1690951929669087,"Bryan Reynolds",19326,668804
"Logan O'Hoppe","LAA",136,522,20,64,56,2,0.06321839,0.296934865,0.164926931,0.318032786,0.244258872,0.303262955,0.409185803,0.31106662246865185,0.33327742356520434,101.60117024516721,-4.74215093255043,-3.785808069212233,7.252860184758902,2.1449817823344293,"Logan O'Hoppe",24729,681351
"Lourdes Gurriel Jr.","ARI",133,553,18,72,75,7,0.052441229,0.182640144,0.155945419,0.313283208,0.278752436,0.32188065,0.434697855,0.32670330580161966,0.3247544108957484,108.31744267166582,-0.6943700537085533,4.805801452228541,-2.6786558628082275,2.128899553329428,"Lourdes Gurriel Jr.",19238,666971
"Cody Bellinger","CHC",130,569,18,72,78,9,0.079086115,0.156414762,0.160852714,0.287439613,0.265503875,0.32513181,0.426356589,0.32181783715176837,0.30497690112565334,107.75359795665254,1.3971683979034424,6.6728287616541015,-5.552166521549225,2.080191667768048,"Cody Bellinger",15998,641355
"Jake Cronenworth","SDP",155,656,17,72,83,5,0.092987804,0.179878048,0.149046793,0.274157303,0.240901213,0.323619631,0.389948006,0.31488512410708,0.3394956897330027,104.99728058093454,0.09146419167518616,4.011579647335907,-5.940893054008484,2.0655615062489474,"Jake Cronenworth",18036,630105
"Pete Alonso","NYM",162,695,34,91,88,3,0.100719424,0.247482014,0.21875,0.275862068,0.240131578,0.329496402,0.458881578,0.3398528206020637,0.3459385178431717,121.37286475824538,-4.215423002839088,13.547270686915041,-16.84054470062256,2.059340861214629,"Pete Alonso",19251,624413
"Randy Arozarena","- - -",154,648,20,77,60,20,0.11265432,0.260802469,0.169398908,0.274725274,0.218579234,0.331790123,0.387978142,0.3203924835464101,0.322468658871776,114.24854061392074,-1.1503080874681473,9.414241790940022,-11.701110601425171,1.9820536025373279,"Randy Arozarena",19290,668227
"Shea Langeliers","OAK",137,534,29,58,80,4,0.076779026,0.27153558,0.226141078,0.251592356,0.22406639,0.288389513,0.450207468,0.31521909476671006,0.3280744050678454,109.4924367781867,-2.7900562956929207,3.0098980859901276,-1.7468717098236084,1.9584334565593062,"Shea Langeliers",25816,669127
"Jake Meyers","HOU",148,513,13,51,61,11,0.06822612,0.228070175,0.14099783,0.262686567,0.219088937,0.286274509,0.360086767,0.28458094643611537,0.30692627674012674,84.75877468073166,2.204454630613327,-6.7418329801419095,8.596922159194946,1.9476930736698408,"Jake Meyers",20308,676694
"Yandy Díaz","TBR",145,621,14,55,65,0,0.080515297,0.152979066,0.13321492,0.31441048,0.280639431,0.341384863,0.413854351,0.3305333292234731,0.33901513355835355,120.34472436052373,-3.63025863468647,10.825770597652049,-12.782237768173218,1.9237502245501916,"Yandy Diaz",16578,650490
"Ryan McMahon","COL",153,645,20,68,65,4,0.106976744,0.286821705,0.155202822,0.319672131,0.241622574,0.32503888,0.396825396,0.31540381861777744,0.32574901610942436,88.2810928471532,-2.6541661247611046,-11.692910669718461,8.604419708251953,1.907867172335438,"Ryan McMahon",15112,641857
"CJ Abrams","WSN",138,602,20,79,65,31,0.066445182,0.212624584,0.186691312,0.28463476,0.245841035,0.314475873,0.432532347,0.32224908431238153,0.320060089930592,106.30492547494421,1.608085997402668,6.146851373139336,-8.262802600860596,1.859852900857557,"CJ Abrams",25768,682928
"Gleyber Torres","NYY",154,665,15,80,63,4,0.09774436,0.204511278,0.120954003,0.306306306,0.257240204,0.330316742,0.378194207,0.31267272580982514,0.3136443399264845,105.0829412563799,-4.586038514971733,-0.718431464465592,-3.6850688457489014,1.8216471756372457,"Gleyber Torres",16997,650402
"Bryson Stott","PHI",148,571,11,65,57,32,0.092819614,0.162872154,0.110671937,0.274939172,0.245059288,0.315236427,0.355731225,0.2959171467705777,0.3119384603009131,86.98173722315366,4.602767609059811,-4.286181632528955,2.4069921672344208,1.7772787232390521,"Bryson Stott",26294,681082
"Colt Keith","DET",148,556,13,54,61,7,0.064748201,0.197841726,0.120155039,0.306329113,0.259689922,0.309352517,0.379844961,0.3007700167838417,0.3159625199589416,95.30405231459929,0.3396484851837158,-2.647822176599391,0.9054285287857056,1.723350989016357,"Colt Keith",27899,690993
"Jesús Sánchez","MIA",149,537,18,60,64,16,0.076350093,0.260707635,0.165644172,0.315315315,0.251533742,0.313432835,0.417177914,0.31695893931478153,0.34766889873303863,101.40871327945555,0.6551544815301895,1.5597578042845401,-3.9787464141845703,1.604145705201739,"Jesus Sanchez",19913,660821
"Spencer Steer","CIN",158,656,20,74,92,25,0.109756097,0.208841463,0.177700349,0.260143198,0.224738675,0.31859756,0.402439024,0.3164798483593773,0.32053507268885195,97.61357331117141,4.5349496603012085,2.662917863173515,-9.573967397212982,1.5510591096120345,"Spencer Steer",26323,668715
"Sal Frelick","MIL",145,524,2,66,32,18,0.07442748,0.148854961,0.075789474,0.305555555,0.258947368,0.319845857,0.334736842,0.29205405206808926,0.28336377023958836,86.70234687598976,3.27005635201931,-5.062294936463754,2.2768096923828125,1.5214127283533192,"Sal Frelick",29622,686217
"Vinnie Pasquantino","KCR",131,554,19,64,97,1,0.072202166,0.128158844,0.183467742,0.264916467,0.262096774,0.314647377,0.445564516,0.3245793902787609,0.3362866000852723,109.23137778473206,-1.4433144629001617,4.408383428577507,-8.157171249389648,1.5092887460821536,"Vinnie Pasquantino",27676,686469
"Jake Burger","MIA",137,579,29,68,76,1,0.053540587,0.259067357,0.209345795,0.291666666,0.250467289,0.300518134,0.459813084,0.3254176387547207,0.3390461868709988,107.10199781380807,-0.6811041459441185,4.236124266662797,-9.694618463516235,1.4352359718745888,"Jake Burger",22275,669394
"Ryan Mountcastle","BAL",124,507,13,54,63,3,0.053254437,0.224852071,0.154334038,0.326704545,0.270613107,0.307692307,0.424947145,0.3155164792692873,0.33629885586825287,107.40570198559645,-0.8342187628149986,3.4619348171818194,-6.39782190322876,1.4323526982343306,"Ryan Mountcastle",18373,663624
"Zack Gelof","OAK",138,547,17,60,49,25,0.069469835,0.34369287,0.150905433,0.296296296,0.211267605,0.270220588,0.362173038,0.2764205327805351,0.2734827424500748,82.200735945859,4.283658906817436,-6.856592186170106,2.48012575507164,1.420501095986472,"Zack Gelof",29766,680869
"Jesse Winker","- - -",145,508,14,63,58,14,0.124015748,0.208661417,0.15116279,0.303514376,0.253488372,0.359683794,0.404651162,0.33783508328691364,0.3302987719339038,117.67612396301912,-2.8266476839780807,7.911071334461189,-11.492769360542297,1.3839422503368202,"Jesse Winker",13590,608385
"Lane Thomas","- - -",130,528,15,65,63,32,0.083333333,0.259469696,0.163135593,0.298461538,0.237288135,0.308712121,0.400423728,0.3088420941662291,0.31128774422169636,98.80129304021477,3.989039823412895,3.383000171053884,-7.656508311629295,1.376071282125522,"Lane Thomas",16939,657041
"Maikel Garcia","KCR",157,626,7,84,58,37,0.067092651,0.164536741,0.100869566,0.268085106,0.231304347,0.281350482,0.332173913,0.27008225181861706,0.3051139610756632,70.89697766953812,8.074000909924507,-12.771773477935088,4.074806571006775,1.2447227357159438,"Maikel Garcia",22715,672580
"Leody Taveras","TEX",151,529,12,59,44,23,0.079395085,0.211720226,0.122916667,0.272222222,0.229166666,0.288973384,0.352083333,0.28214366399743257,0.2994106190414721,83.89084219336124,1.598325476050377,-8.152336819220944,2.177668482065201,1.193824758897297,"Leody Taveras",18900,665750
"Justin Turner","- - -",139,539,11,59,55,0,0.109461966,0.176252319,0.123913043,0.299168975,0.258695652,0.354359925,0.382608695,0.32655321508368523,0.333037392387177,116.46404160788208,-4.55053286254406,5.603319104326765,-12.286426551640034,1.1548908164992762,"Justin Turner",5235,457759
"Paul Goldschmidt","STL",154,654,22,70,65,11,0.071865443,0.264525993,0.168614357,0.307881773,0.245409015,0.301538461,0.414023372,0.30982255549342547,0.3324428593780234,100.02900100910847,-0.05907219648361206,-0.036391721660149035,-10.655078768730164,1.1537208876533984,"Paul Goldschmidt",9218,502671
"Luis Arraez","- - -",150,672,4,83,46,9,0.035714285,0.043154761,0.078492936,0.323966942,0.313971742,0.346268656,0.392464678,0.3227873320343612,0.3302921483899164,109.21884083893246,-0.9683540388941765,6.439746615190863,-18.095480978488922,1.116278262462667,"Luis Arraez",18568,650333
"Jorge Soler","- - -",142,574,21,84,64,1,0.118466898,0.245644599,0.200811359,0.292537313,0.24137931,0.338003502,0.442190669,0.33977710313429554,0.35220611304567573,119.58796962459358,-4.398667372763157,9.046388107595632,-17.95328962802887,1.061829971046185,"Jorge Soler",14221,624585
"George Springer","TOR",145,614,19,74,56,16,0.097719869,0.187296416,0.150458715,0.244552058,0.220183486,0.303425774,0.370642201,0.2983212936760745,0.3252579235639729,94.45291379764271,3.4486011937260628,-0.4484749681065834,-9.672271013259888,1.0565996169344483,"George Springer",12856,543807
"Ceddanne Rafaela","BOS",152,571,15,70,75,19,0.026269702,0.264448336,0.143382353,0.312335958,0.246323529,0.274165202,0.389705882,0.28604016988210273,0.27597564374896844,80.91939343147581,0.5855370610952377,-11.880657260497543,2.938391327857971,1.031112586796556,"Ceddanne Rafaela",24262,678882
"Orlando Arcia","ATL",157,602,17,50,46,2,0.068106312,0.212624584,0.136116153,0.249394673,0.217785843,0.271214642,0.353901996,0.2726847584048907,0.26586151123046875,72.46293801034192,-1.095210276544094,-20.918484001961122,8.75169837474823,0.8218255436212739,"Orlando Arcia",13185,606115
"Brendan Rodgers","COL",135,539,13,67,54,1,0.057513914,0.244897959,0.139720559,0.337988826,0.267465069,0.314126394,0.407185628,0.31360177787322574,0.29945947173842813,87.06819590311625,-0.8672080412507057,-9.20227640921415,-1.523686408996582,0.7531251979310014,"Brendan Rodgers",17907,663898
"Nolan Schanuel","LAA",147,607,13,62,54,10,0.112026359,0.169686985,0.111753372,0.285365853,0.250481695,0.343283582,0.362235067,0.3154721189889544,0.32231627605520746,104.700086465124,-3.4775820150971413,-0.21320624257920917,-13.062057495117188,0.7068457568033597,"Nolan Schanuel",33189,694384
"Alec Burleson","STL",152,595,21,71,78,9,0.058823529,0.127731092,0.151736745,0.276315789,0.268738574,0.314189189,0.420475319,0.31856830126127683,0.33302860583289196,105.91548739806633,-3.037570096552372,1.1713316113083563,-14.689480304718018,0.6580925838363327,"Alec Burleson",27615,676475
"Alex Verdugo","NYY",149,621,13,74,61,2,0.078904991,0.149758454,0.123434705,0.252699784,0.232558139,0.290791599,0.355992844,0.2834208144509927,0.30673150892381545,84.5065494338301,-2.4940835386514664,-13.503019827261786,-1.2658147811889648,0.6005180049240338,"Alex Verdugo",17027,657077
"Andrew McCutchen","PIT",120,515,20,66,50,3,0.112621359,0.258252427,0.178571428,0.282828282,0.232142857,0.328155339,0.410714285,0.32450418655510543,0.3237934967695389,105.95487183118608,-2.863839812576771,0.8034136885471961,-13.102145433425903,0.5078340495846205,"Andrew McCutchen",9847,457705
"Nick Castellanos","PHI",162,659,23,80,86,6,0.062215477,0.210925644,0.176567657,0.293721973,0.254125412,0.311077389,0.430693069,0.32075803446806006,0.33601245792230705,103.70135739075258,-3.847552075982094,-0.9307448976260551,-18.74859094619751,0.24273688187273923,"Nick Castellanos",11737,592206
"Rhys Hoskins","MIL",131,517,26,59,82,3,0.102514506,0.28820116,0.204899777,0.25,0.213808463,0.302912621,0.41870824,0.31343205418104325,0.30632476212913423,101.09120767772927,-3.3119177147746086,-2.637297670947677,-12.71459674835205,0.19941526921298003,"Rhys Hoskins",16472,656555
"Josh Bell","- - -",145,603,19,62,71,0,0.084577114,0.199004975,0.156133829,0.286069651,0.249070631,0.319397993,0.40520446,0.31676103881056383,0.31214686435481115,101.48972844108862,-4.0830953270196915,-3.0088939477258982,-17.8531277179718,-0.07274622830666266,"Josh Bell",13145,605137
"Andrew Vaughn","CHW",149,619,19,55,70,2,0.061389337,0.213247172,0.15614035,0.285377358,0.245614035,0.297253634,0.401754385,0.3037608829183994,0.32030227809276396,97.40133149930215,-2.466633126139641,-4.307181086516193,-17.534156799316406,-0.13676048415185793,"Andrew Vaughn",26197,683734
"Andrew Benintendi","CHW",135,522,20,50,64,3,0.078544061,0.183908045,0.167714885,0.244505494,0.22851153,0.28927203,0.396226415,0.29789751367697104,0.31031083327073317,93.27691783511646,-1.8923116028308868,-5.907856900046426,-12.740214347839355,-0.1390179481814055,"Andrew Benintendi",17901,643217
"Adolis García","TEX",154,637,25,68,85,11,0.070643642,0.277864992,0.175862069,0.2734375,0.224137931,0.284144427,0.4,0.2958071366069824,0.3087941359270258,93.50200785778486,-0.7074820473790169,-5.4436186658661665,-17.0233793258667,-0.13975956657284938,"Adolis Garcia",19287,666969
"Ty France","- - -",140,535,13,46,51,1,0.071028037,0.213084112,0.131524008,0.277310924,0.233820459,0.304672897,0.365344467,0.29612975432493976,0.3056601479788807,93.48423386119002,-3.641314685344696,-7.79767591639611,-18.181398153305054,-0.8459398628693255,"Ty France",17982,664034
"Christopher Morel","- - -",152,611,21,56,60,8,0.099836333,0.260229132,0.14953271,0.233333333,0.196261682,0.288052373,0.345794392,0.28043045436865405,0.31609604661115115,81.1570570360714,-2.2515268474817276,-15.613976544717586,-14.482837677001953,-1.0044343801189473,"Christopher Morel",21897,666624
"Bryan De La Cruz","- - -",149,622,21,61,68,5,0.046623794,0.273311897,0.150684931,0.288944723,0.232876712,0.2705314,0.383561643,0.28260191400204937,0.3064621230512135,78.18840393888668,-2.608274795114994,-18.83157165970481,-12.421184197068214,-1.0802808416272884,"Bryan De La Cruz",19600,650559