Name,Team,G,PA,HR,R,RBI,SB,BB%,K%,ISO,BABIP,AVG,OBP,SLG,wOBA,xwOBA,wRC+,BsR,Off,Def,WAR,NameASCII,PlayerId,MLBAMID,batter_id,avg_protection_score,games_x,total_pa,avg_batting_order,batter,avg_ondeck_protection,avg_preceding_protection,games_y,total_pitches,Team_Abbr,park_factor,wOBA_park_adj,heart_pct,avg_pitcher_fip_minus,avg_pitcher_fip,unique_pitchers_faced,ondeck_adj,preceding_adj,protection_adj,park_adj,pitcher_adj,pitch_quality_adj,wOBA_true_talent,total_context_adj
Aaron Judge,NYY,158,704,58,122,144,10,0.188920454,0.242897727,0.379248659,0.367469879,0.322003577,0.458036984,0.701252236,0.4757340011100992,0.4809395285213695,219.7835722854021,-0.495271660387516,95.99322220590903,-9.57552433013916,11.33495928042784,Aaron Judge,15640,592450,592450,0.2977549951572584,158,704,4.96875,592450,0.30958157235436295,0.41423197575307397,91,1672,NYY,98.9298939704895,0.4808799261950178,0.12598425196850394,99.88771930967722,3.8088691644793733,194,-0.002336525311529164,0.008214018969180049,0.005877493657650884,-0.005145925084918568,0.00011228069032277688,0.003062526419528105,0.45792437611142217,0.0036818143019376444
Bobby Witt Jr.,KCR,161,709,32,125,109,31,0.080394922,0.149506346,0.256289308,0.35375494,0.331761006,0.389280677,0.588050314,0.4097383537462779,0.4069405691964285,169.13393177564416,4.4858090952038765,60.57034097208533,17.496928215026855,10.489661984608478,Bobby Witt Jr.,25764,677951,677951,0.3265645505677594,163,720,4.925,677951,0.3255253484222196,0.2755996907297216,93,1521,KCR,103.06445360183716,0.39755545139665316,0.11243386243386243,100.11820609444554,3.81765797268714,181,-0.000742147704743501,-0.005649209533155186,-0.006391357237898687,0.012182902349624714,-0.00011820609444554009,0.0010299679893318785,0.3955961790797738,0.006939719195503445
Shohei Ohtani,LAD,159,731,54,134,130,59,0.110807113,0.221614227,0.336477988,0.336470588,0.309748427,0.39010989,0.646226415,0.4305492917641291,0.4438979805013927,179.6782932394558,9.73534832149744,79.38495752480254,-17.17592430114746,8.94855915206399,Shohei Ohtani,19755,660271,660271,0.3585750550551334,157,720,4.786111111111111,660271,0.35766177977011426,0.36073040189964517,87,1592,LAD,99.1439938545227,0.43426664089797357,0.09853782581055308,99.85124333057158,3.8074782804646023,187,0.002471495430045967,0.0028638615838371684,0.005335357013883135,-0.003717349133844472,0.00014875666942842258,-0.0010544375041645238,0.4201984382359918,0.0004148137064457166
Juan Soto,NYY,157,713,41,128,109,7,0.180925666,0.16690042,0.28125,0.297619047,0.288194444,0.419354838,0.569444444,0.4205848819428188,0.4636422871534512,180.99055562627643,-3.8687386885285378,62.20509648624051,-5.565011024475098,8.290403914187088,Juan Soto,20123,665742,665742,0.4714113656027071,157,714,4.973389355742297,665742,0.46754468554660206,0.2932781191228563,89,1711,NYY,98.9298939704895,0.4251342693931099,0.08206330597889801,99.78923312744958,3.8051137380344935,187,0.013459786007694747,-0.0038813666938417204,0.009578419313853026,-0.004549387450291098,0.0002107668725504226,-0.003525615478912784,0.41044041717172486,0.0012926495120987214
Gunnar Henderson,BAL,159,719,37,118,92,21,0.108484005,0.221140472,0.247619048,0.319634703,0.28095238,0.364394993,0.528571428,0.3814647619438702,0.3739156656331949,153.79507079266284,3.9880658090114594,48.24455726015132,4.381449222564697,7.896378175117105,Gunnar Henderson,26289,683002,683002,0.3166505014845024,161,728,4.854395604395604,683002,0.31320185236195963,0.3303936287666681,90,1635,BAL,98.61453771591188,0.3868240634487295,0.10264290104486785,100.52429847525869,3.8331428867276127,181,-0.0019744973107694965,-0.00016981572946053736,-0.002144313040230034,-0.005359301504859304,-0.0005242984752586893,-0.0004386762190173074,0.3830718867935231,-0.007417992288847956
Francisco Lindor,NYM,152,689,33,107,91,29,0.081277213,0.184325108,0.226537217,0.295010845,0.273462783,0.343976777,0.5,0.3628858149657228,0.381032855011696,136.87564878805517,4.003861710429192,34.386128730566824,17.448684215545654,7.732129732801081,Francisco Lindor,12916,596019,596019,0.3290411165240642,155,704,4.720170454545455,596019,0.3339912873738296,0.3296217712153577,89,1594,NYM,96.34352326393127,0.3766582357296649,0.11048336472065286,99.92703995630835,3.810368519950854,189,0.00010444619041750092,-0.00024700148459158024,-0.00014255529417407932,-0.013772420763942084,7.296004369165132e-05,0.0007373933323504431,0.37160012994573893,-0.013250542769457372
Jarren Duran,BOS,160,735,21,111,75,34,0.073469387,0.217687074,0.207153502,0.344827586,0.284649776,0.341961852,0.491803278,0.3568673902286514,0.3395408880515176,130.74070663303564,8.320960067212582,34.17371282348279,7.720481157302856,6.842792210282063,Jarren Duran,24617,680776,680776,0.3625423535076381,160,739,4.7875507442489855,680776,0.33784723188961385,0.3061069665804304,91,1664,BOS,104.24087047576904,0.34234882018910784,0.10108303249097472,99.86501368567619,3.8080033648423863,208,0.0004900406419959258,-0.0025984819480843083,-0.0021084413060883825,0.014518570039543544,0.00013498631432381104,-0.0006726565021012771,0.34381582186453596,0.011602485917030073
Elly De La Cruz,CIN,160,696,25,105,76,67,0.099137931,0.31321839,0.21197411,0.359042553,0.258899676,0.338616714,0.470873786,0.3486482402837345,0.3298914370329484,119.26510609565474,7.458791613578796,23.492793452431314,16.667002201080322,6.550527704390292,Elly De La Cruz,26668,682829,682829,0.3245781943114274,160,697,4.837876614060258,682829,0.32633226053668335,0.3314135485899399,91,1565,CIN,104.54981327056883,0.33347571782022517,0.10397946084724005,100.12739244342889,3.8180082620081763,176,-0.0006614564932971245,-6.782374713336092e-05,-0.0007292802404304854,0.015172522463509308,-0.00012739244342888868,-0.00023819224866147777,0.33396162606337615,0.014332442417846232
José Ramírez,CLE,158,682,39,114,118,41,0.079178885,0.120234604,0.258064516,0.265346534,0.279032258,0.334801762,0.537096774,0.3642762730118049,0.3333672949729657,141.43936858837043,6.288987055420876,38.62623908652469,1.243952989578247,6.452328074502275,Jose Ramirez,13510,608070,608070,0.3308023780684622,158,682,5.149560117302053,608070,0.3315103877891409,0.2989712124141949,86,1525,CLE,98.87371063232422,0.3684258137801841,0.10610079575596817,100.08750530331352,3.816487305287023,184,-0.00014364376805137136,-0.00331205736470786,-0.0034557011327592314,-0.004149540768379201,-8.750530331352025e-05,8.000798764774067e-05,0.3676200094438606,-0.007437728610177171
Ketel Marte,ARI,136,583,36,93,95,7,0.111492281,0.181818181,0.267857143,0.299191374,0.291666666,0.372212692,0.559523809,0.3909995480337077,0.3941492200731397,151.5932209536712,0.9326784834265708,36.90119123990885,4.792233824729919,6.318788996285611,Ketel Marte,13613,606466,606466,0.3322416356825619,136,584,4.821917808219178,606466,0.329597709293913,0.3279861209393246,89,1424,ARI,100.64197778701782,0.38850542947511923,0.10968660968660969,100.00608096669956,3.813382472709901,183,-0.00033491161757415736,-0.00041056651219488764,-0.0007454781297690451,0.002494118558588443,-6.080966699556711e-06,0.000617880077243968,0.38284165988892704,0.0023726014727629223
William Contreras,MIL,155,679,23,99,92,9,0.114874815,0.204712812,0.18487395,0.330275229,0.280672268,0.365243004,0.465546218,0.3587271837346278,0.3591032848867535,131.57793467399807,-2.575035162270069,23.064773541523092,7.381562352180481,5.488651739986147,William Contreras,20503,661388,661388,0.3380491559247078,158,691,4.806078147612157,661388,0.3313371779370578,0.305414451949969,89,1536,MIL,98.89779090881348,0.36272517357378015,0.10378590078328982,100.3273353624888,3.825632386618553,192,-0.0001609647532596792,-0.0026677334111304464,-0.0028286981643901254,-0.003997989839152338,-0.00032733536248879603,-0.00026722625825401216,0.36202179435461873,-0.006766578899307681
Matt Chapman,SFG,154,647,27,98,78,15,0.098918083,0.244204018,0.215652174,0.293367346,0.246956521,0.327666151,0.462608695,0.3401357669452702,0.3417041044280003,120.6726386704186,3.680626951158047,19.674788521525187,11.447599172592165,5.447993975769762,Matt Chapman,16505,656305,656305,0.3394933940692834,154,650,4.929230769230769,656305,0.33163303546254264,0.3322218327130377,89,1622,SFG,97.25400805473328,0.3497395878572391,0.10918114143920596,99.76832348970383,3.80431642205811,183,-0.0001313790007111959,1.3004665176419296e-05,-0.00011837433553477661,-0.009603820911968874,0.00023167651029616822,0.0005420598401334083,0.34767022896071975,-0.00941181191766641
Cal Raleigh,SEA,153,628,34,73,100,6,0.111464968,0.280254777,0.216117216,0.251461988,0.219780219,0.31210191,0.435897435,0.3225664181204942,0.3466632040890223,117.55250684811342,-2.577874943614006,10.03471865745432,21.550546884536743,5.411826653833569,Cal Raleigh,21534,663728,663728,0.3122570157396047,153,628,5.055732484076433,663728,0.32019248779316395,0.32455810743897323,87,1432,SEA,93.54020357131958,0.3448425444943082,0.10344827586206896,99.98587327382839,3.8126119229486872,171,-0.0012754337676490646,-0.0007533678622300256,-0.00202880162987909,-0.022276126373813987,1.4126726171610926e-05,-0.0003178699964371409,0.34556041654619324,-0.02463692472630183
Jackson Merrill,SDP,156,593,24,77,90,16,0.048903878,0.170320404,0.207581228,0.31797235,0.292418772,0.32597623,0.5,0.351507786788097,0.3753677679567921,129.64684290775756,3.721755400300026,24.74474279421471,7.192627429962158,5.345730446149148,Jackson Merrill,29490,701538,701538,0.3233672007370501,154,593,4.989881956155143,701538,0.33073654430941263,0.33169992732328485,87,1207,SDP,95.90458273887634,0.36651823797113303,0.1172069825436409,100.2617249801728,3.8231305639340407,182,-0.00022102811602419672,-3.9185873798863735e-05,-0.00026021398982306045,-0.015010451183036011,-0.0002617249801728008,0.0017459360057986491,0.36137111986156295,-0.013263004186887622
Vladimir Guerrero Jr.,TOR,159,697,30,98,103,2,0.103299856,0.137733142,0.22077922,0.342105263,0.323051948,0.395982783,0.543831168,0.3978902227687139,0.4129388982599432,164.49173188476283,-5.594869069755077,45.83819826287797,-17.428866386413574,5.320024514642186,Vladimir Guerrero Jr.,19611,665489,665489,0.3205347942270343,159,698,5.042979942693409,665489,0.3276938629784449,0.3150033195074956,91,1548,TOR,99.45313930511476,0.4000780926060228,0.12410656270305392,99.88969984051376,3.8089446851027757,179,-0.0005252962491209712,-0.0017088466553777883,-0.0022341429044987595,-0.002187869837308898,0.0001103001594862434,0.002780873029710603,0.39275490436034427,-0.0017514398715832978
Yordan Alvarez,HOU,147,635,35,88,86,6,0.108661417,0.149606299,0.259057971,0.316901408,0.307971014,0.392125984,0.567028985,0.4015873697539716,0.4147676440073566,167.06348230854238,-2.903316155076027,45.82320807732856,-16.452189445495605,5.207106688521867,Yordan Alvarez,19556,670541,670541,0.3258284234641158,149,644,4.961180124223603,670541,0.3250383792225557,0.33311127840855975,88,1395,HOU,99.48140382766724,0.40368084315501407,0.08241353936718175,100.69904560798366,3.8398062580611185,173,-0.0007908446247098911,0.00010194923472862661,-0.0006888953899812644,-0.0020934734010424894,-0.0006990456079836633,-0.0034730804706702228,0.39950680405099054,-0.005556403653710313
Brent Rooker,OAK,145,614,39,82,112,11,0.096091205,0.288273615,0.269230769,0.362275449,0.293040293,0.364820846,0.562271062,0.3921844166810395,0.3811160639712685,163.63141597278016,0.7568249627947807,45.4607407277596,-16.319454431533813,5.111493169542987,Brent Rooker,19627,667670,667670,0.3181091011745286,145,615,5.029268292682927,667670,0.3261879887679187,0.3297411043170355,78,1311,OAK,96.36880159378052,0.40696201487925365,0.12088752869166029,99.4225472701628,3.791131454080845,156,-0.0006758836701735882,-0.00023506817442379703,-0.0009109518445973852,-0.01477759819821417,0.000577452729837205,0.0022980179280015583,0.3986145693571948,-0.0139679848446472
Bryce Harper,PHI,145,631,30,85,87,7,0.12044374,0.218700475,0.24,0.330729166,0.285454545,0.373015873,0.525454545,0.380217063407713,0.3591043310227736,143.72135955460536,-0.4898614436388016,32.50028944371691,-4.232383728027344,5.0979501282669775,Bryce Harper,11579,547180,547180,0.3317785593311269,145,632,5.104430379746836,547180,0.33301400309887735,0.3375698135505772,79,1368,PHI,101.27016305923462,0.3754482583239425,0.06671664167916042,100.49788857439766,3.832135837435451,167,6.717762922275883e-06,0.0005478027489303705,0.0005545205118526464,0.004768805083770478,-0.0004978885743976634,-0.005827615123873423,0.37527852590948585,-6.400953852635921e-06
Willy Adames,MIL,161,688,32,93,112,21,0.107558139,0.251453488,0.211475409,0.296568627,0.250819672,0.331395348,0.462295081,0.3419318153910393,0.341207106096031,120.27350052093948,1.2317712530493736,17.911096026327197,5.976341724395752,4.842335810348562,Willy Adames,15986,642715,642715,0.3087444954076935,164,703,5.1365576102418204,642715,0.32018499868668804,0.3344269507951937,92,1554,MIL,98.89779090881348,0.3457426220028615,0.09916291049581455,100.1118491043454,3.81741557108123,194,-0.0012761826782966557,0.00023351647339202032,-0.0010426662049046354,-0.003810806611822204,-0.00011184910434539575,-0.0009606748013753032,0.34594811049839314,-0.005702298513756746
Marcell Ozuna,ATL,162,688,39,96,104,1,0.107558139,0.247093023,0.244224422,0.359102244,0.301980198,0.378457059,0.54620462,0.3945021333485624,0.4040573298582556,154.4543814593856,-4.604921892285347,40.19554622376367,-17.5,4.719239959530004,Marcell Ozuna,10324,542303,542303,0.3271355945634815,164,697,5.0645624103299856,542303,0.32797373933745066,0.33487044483460987,90,1564,ATL,100.12708902359007,0.39400140081533497,0.0834403080872914,100.19593641190157,3.820621946750714,180,-0.000497308613220393,0.00027786587733363843,-0.00021944273588675456,0.0005007325332274104,-0.0001959364119015703,-0.0033190651626537754,0.3906869830558533,-0.002841838953411549
Corey Seager,TEX,123,533,30,68,74,1,0.099437148,0.18011257,0.233684211,0.29059829,0.277894736,0.35272045,0.511578947,0.364663478286787,0.3908093085655799,141.93696475653223,-5.232432544231415,20.343401841284805,6.94588303565979,4.642943140123882,Corey Seager,13624,608369,608369,0.3201183811074843,123,533,4.943714821763603,608369,0.328183477890816,0.30652958492344434,78,1197,TEX,98.6534059047699,0.36964104274189635,0.11120615911035073,99.6937234746502,3.8014718111392587,156,-0.0004763347578838617,-0.0025562201137829146,-0.0030325548716667763,-0.004977564455109329,0.00030627652534980144,0.0008458124908051236,0.3679980634673738,-0.0074705833613207834
Jurickson Profar,SDP,158,668,24,94,85,10,0.113772455,0.151197604,0.179078015,0.301801801,0.280141843,0.380090497,0.459219858,0.365296050431334,0.3664177068267498,138.92728947203236,-0.7629592474550009,30.332137434188127,-10.619479179382324,4.342124775454071,Jurickson Profar,10815,595777,595777,0.3273658964382876,158,671,4.84053651266766,595777,0.32783643570462523,0.3302601035241426,91,1522,SDP,95.90458273887634,0.3808953023923181,0.10092348284960422,100.09601057142646,3.816811623968788,169,-0.0005110389765029367,-0.00018316825371308965,-0.0006942072302160263,-0.015599251960984106,-9.601057142646142e-05,-0.0006965889483068532,0.3770484871835499,-0.016894037568080524
Corbin Carroll,ARI,158,684,22,121,74,35,0.106725146,0.190058479,0.196943973,0.255605381,0.23089983,0.321585903,0.427843803,0.3248603077011837,0.329689624927662,107.07697861964972,11.086577944457533,16.8750677085523,2.2997801303863525,4.3418203663781965,Corbin Carroll,25878,682998,682998,0.3636426701562056,155,684,4.875730994152047,682998,0.3556186122286788,0.35177416480893486,88,1460,ARI,100.64197778701782,0.3227880799288988,0.08972602739726028,100.18118038836326,3.820059277351174,184,0.0022671786759024203,0.001968237874766138,0.004235416550668558,0.0020722277722848848,-0.00018118038836325922,-0.0023762072661584433,0.3217503292144997,0.004112617445158259
Mookie Betts,LAD,116,516,19,75,75,16,0.118217054,0.110465116,0.202222223,0.293650793,0.288888888,0.372093023,0.491111111,0.3709689515573969,0.3629713448864675,139.57664027743849,0.6120042651891708,25.032243234556702,-0.6782671213150024,4.296694964745157,Mookie Betts,13611,605141,605141,0.4050382811472597,114,506,4.974308300395257,605141,0.4239760214444718,0.33074269127359324,70,1309,LAD,99.1439938545227,0.37417188589530903,0.0985485103132162,100.01926588308262,3.8138852334275826,155,0.009102919597481718,-0.00013490947876802496,0.008968010118713694,-0.0032029343379121333,-1.926588308262467e-05,-0.0010528348287650563,0.3626911082341268,0.004731506835119128
Marcus Semien,TEX,159,718,23,101,74,8,0.08913649,0.146239554,0.153846154,0.250478011,0.236923076,0.307799442,0.39076923,0.3058828076337302,0.319682053061722,100.58944061998208,1.4903829023241997,1.9746334411112956,15.71020221710205,4.284310179199466,Marcus Semien,12533,543760,543760,0.3519600622205194,159,718,4.704735376044568,543760,0.35739567893059665,0.3023761299907814,89,1428,TEX,98.6534059047699,0.3100580307678366,0.10112359550561797,99.52718146383945,3.7951213134609523,186,0.0024448853460942058,-0.0029715656070492093,-0.0005266802609550036,-0.004175223134106398,0.0004728185361605455,-0.0006665720499047893,0.313629099437448,-0.005841293981126737
Rafael Devers,BOS,138,601,28,87,83,3,0.111480865,0.244592346,0.243809524,0.323033707,0.272380952,0.354409317,0.516190476,0.3640278328013379,0.3657234909188034,135.77750816682595,-0.8942356556653976,23.70888344039181,-2.5807816982269287,4.239408009451712,Rafael Devers,17350,646240,646240,0.2860401698821027,138,601,5.05324459234609,646240,0.33077407984076745,0.3378283759630733,79,1409,BOS,104.24087047576904,0.3492179517878803,0.09811046511627906,99.66372631256026,3.8003279741741554,183,-0.00021727456288871407,0.0005736589901799816,0.00035638442729126754,0.014809881013457593,0.0003362736874397427,-0.001118541608305626,0.34836215237477774,0.013711450145003494
Dansby Swanson,CHC,149,593,16,82,66,19,0.091062394,0.242833052,0.147940075,0.299734748,0.241573033,0.311973018,0.389513108,0.3065694088459821,0.3231652728581832,97.4903604858174,4.4247100949287415,2.6450899163455643,18.35696172714233,4.216355570823021,Dansby Swanson,18314,621020,621020,0.340636393602582,148,596,4.969798657718121,621020,0.3322089937476301,0.3103851411099424,81,1260,CHC,97.8569507598877,0.31328322256659485,0.12430278884462151,100.50025879166368,3.832226217389263,170,-7.37831722024518e-05,-0.002170664495133107,-0.002244447667335559,-0.006713813720612749,-0.0005002587916636827,0.002810306950945741,0.31407280202626564,-0.005647695645338884
Steven Kwan,CLE,122,540,14,83,44,12,0.098148148,0.094444444,0.133333334,0.303614457,0.291666666,0.368029739,0.425,0.3494486094185854,0.336855523205158,131.00928721131478,0.1757170334458351,19.33552494608666,3.291461944580078,4.185394017757066,Steven Kwan,24610,680757,680757,0.3185913722734464,122,543,4.716390423572744,680757,0.3044858162766937,0.33090512917113807,63,1116,CLE,98.87371063232422,0.3534292454321444,0.12645739910313902,99.90972867169278,3.8097084145983096,137,-0.002846100919296091,-0.00011866568901354181,-0.002964766608309633,-0.003980636013558969,9.027132830722451e-05,0.003133498489723368,0.35109311437521085,-0.003902175460452458
Alex Bregman,HOU,145,634,26,79,75,3,0.06940063,0.135646687,0.192771085,0.264270613,0.259896729,0.315457413,0.452667814,0.3307042115295856,0.3253763416145421,117.20282126136706,-2.32157251983881,10.157851530299428,9.07112717628479,4.156236627614604,Alex Bregman,17678,608324,608324,0.3598257639340169,147,645,4.84031007751938,608324,0.35070536151450576,0.3529678350170309,87,1461,HOU,99.48140382766724,0.3324281713017121,0.09582477754962354,100.68989284235218,3.8394572493238637,175,0.001775853604485117,0.0020876048955757397,0.0038634585000608566,-0.001723959772126471,-0.0006898928423521795,-0.0014613947433039544,0.3294800012164195,0.0013679968269826107
Jazz Chisholm Jr.,- - -,147,621,24,74,73,40,0.085346215,0.244766505,0.179715302,0.30927835,0.256227758,0.323671497,0.43594306,0.3272974470799619,0.3168021708435655,110.69860007689752,6.157852970063686,13.7728309773903,4.282210767269135,4.003075362705912,Jazz Chisholm Jr.,20454,665862,665862,0.2925693575691016,147,621,5.020933977455717,665862,0.3033397343027495,0.31899380850561115,88,1530,,100.0,0.3272974470799619,0.10631229235880399,99.96964195091586,3.8119929981622622,189,-0.0029607091166905077,-0.0013097977555662334,-0.004270506872256741,0.0,3.0358049084142637e-05,0.00011173247807311284,0.33141532955498343,-0.0041891324432677705
Julio Rodríguez,SEA,143,613,20,76,68,24,0.061990212,0.254486133,0.135802469,0.34351145,0.273368606,0.324632952,0.409171075,0.3205533640252219,0.3484102136948529,116.13648348758166,1.9585171416401863,13.27665500843144,4.657743453979492,3.950648034283352,Julio Rodriguez,23697,677594,677594,0.3182996310376907,141,615,4.923577235772358,677594,0.3242414111551904,0.3300347765917328,91,1531,SEA,93.54020357131958,0.34269047082072734,0.08556499020248204,100.13085270618257,3.818140207038001,185,-0.00087054143144642,-0.00020570094695406829,-0.0010762423784004883,-0.022137106795505457,-0.00013085270618256573,-0.0030003628453751795,0.3450500089885652,-0.02608285931309856
Freddie Freeman,LAD,147,638,22,81,89,9,0.122257053,0.156739811,0.193726938,0.306074766,0.282287822,0.377742946,0.47601476,0.365357109492079,0.3680987024003533,135.79948589731632,-1.4705990627408028,25.84173105728873,-8.921481013298035,3.9501572648169248,Freddie Freeman,5361,518692,518692,0.3425641018277862,145,629,5.079491255961845,518692,0.33705598275500304,0.40825780779390636,90,1537,LAD,99.1439938545227,0.3685115913609247,0.09420289855072464,99.93191642197658,3.8105544669305598,187,0.0004109157285348442,0.0076166021732632875,0.008027517901798132,-0.0031544818688457044,6.808357802341902e-05,-0.0017046765931387896,0.35910855825133664,0.0031002758617902195
Riley Greene,DET,137,584,24,82,74,4,0.109589041,0.267123287,0.216796875,0.329341317,0.26171875,0.34819897,0.478515625,0.3553962396136645,0.3551679681108884,133.72925301154325,-0.1670323684811592,22.37147637468277,-3.6058192253112793,3.937225626867801,Riley Greene,25976,682985,682985,0.3102929242414344,139,597,4.97822445561139,682985,0.3296120829395061,0.3254687229618137,90,1584,DET,100.305438041687,0.3543140297796832,0.1123882503192848,100.46192066309375,3.8307643268110914,187,-0.0003334742530148483,-0.0006623063099459814,-0.0009957805629608298,0.001082209833981329,-0.0004619206630937498,0.0010231261721452348,0.35151969514074133,0.0015714761062594839
Jackson Chourio,MIL,148,573,21,80,79,22,0.068062827,0.211169284,0.189393939,0.319587628,0.274621212,0.326923076,0.464015151,0.3385496990571559,0.3271342551687197,117.99710439718524,3.9631444588303566,16.294719278040255,2.5781469345092773,3.9274088466165615,Jackson Chourio,28806,694192,694192,0.3297325788205798,147,585,4.994871794871795,694192,0.3178818201389187,0.3157892914993269,77,1050,MIL,98.89779090881348,0.3423228122145905,0.10813397129186603,100.33761937701263,3.8260245315796904,163,-0.0015065005330735905,-0.0016302494561946602,-0.003136749989268251,-0.0037731131574346155,-0.0003376193770126292,0.0003849843180324185,0.3433406706420091,-0.006187259451657818
Nico Hoerner,CHC,151,641,7,86,48,31,0.068642745,0.102964118,0.099656357,0.296875,0.273195876,0.335413416,0.372852233,0.3131190129555762,0.3180648970865121,101.8986930017144,4.9888085797429085,6.44418074163729,9.797253847122192,3.890408138846308,Nico Hoerner,21479,663538,663538,0.3305218304219544,149,641,4.901716068642745,663538,0.3347349112081312,0.33229198690224654,82,1323,CHC,97.8569507598877,0.3199762618026783,0.09704321455648218,100.49464786144121,3.832012264170027,169,0.00017880857384766082,2.002008409730527e-05,0.0001988286579449661,-0.006857248847102093,-0.0004946478614412087,-0.0012786291922751581,0.32158268101208737,-0.007442401519991077
Trea Turner,PHI,121,539,21,88,62,19,0.050092764,0.181818181,0.174257426,0.330749354,0.295049504,0.337662337,0.46930693,0.3490665514084315,0.3217424174410764,122.75492973144708,2.6365917176008224,17.30306003082867,2.0466654300689697,3.8592739991692535,Trea Turner,16252,607208,607208,0.3743414777140565,121,541,4.903881700554528,607208,0.36922140204203546,0.3562288696596357,52,891,PHI,101.27016305923462,0.3446884460966619,0.09988776655443322,99.78806407535157,3.8050691603174487,118,0.003627457657238087,0.00241370835983622,0.006041166017074307,0.004378105311769631,0.00021193592464842937,-0.0008519463925825019,0.3388174541412134,0.009355389011613008
Jose Altuve,HOU,153,682,20,94,65,22,0.068914956,0.174486803,0.144904458,0.337423312,0.294585987,0.350439882,0.439490445,0.344237520589548,0.3191562478426454,126.72242722685444,-0.7089373022317886,20.143935064171327,-5.394512057304382,3.857912079547575,Jose Altuve,5417,514888,514888,0.362114567545028,155,691,4.934876989869753,514888,0.34828759843906487,0.32429670859088594,89,1409,HOU,99.48140382766724,0.3460320294493175,0.09026297085998579,100.79892615267593,3.843614853646631,170,0.0015340772969410278,-0.0007795077470387547,0.0007545695499022731,-0.0017945088597695058,-0.0007989261526759322,-0.002295665746749617,0.3451741875282168,-0.0025366789039409175
Eugenio Suárez,ARI,158,640,30,90,101,2,0.0765625,0.275,0.213660246,0.308510638,0.255691768,0.31875,0.469352014,0.3372951490804553,0.3366846288525083,115.44647922839142,-1.114725163206458,10.706725202296504,5.168506145477295,3.849135035198385,Eugenio Suarez,12552,553993,553993,0.3362449672961731,157,642,4.858255451713395,553993,0.33041798440436415,0.3335426221945008,87,1427,ARI,100.64197778701782,0.33514360160354906,0.11360448807854137,99.9711060945149,3.8120488281626397,176,-0.00025288410652904436,0.0001450836133227329,-0.00010780049320631145,0.002151547476906268,2.889390548510562e-05,0.00120556183603372,0.3337446687336629,0.003220414914248571
Colton Cowser,BAL,153,561,24,77,69,9,0.092691622,0.306595365,0.204408818,0.316993464,0.242484969,0.320855614,0.446893787,0.3314574734042923,0.3331306198202007,118.6189228018079,1.124476321041584,13.075992944735589,5.499361038208008,3.838837854871302,Colton Cowser,29591,681297,681297,0.3442792579111227,151,571,5.038528896672505,681297,0.33145534027067575,0.3321028004859685,82,1171,BAL,98.61453771591188,0.3361142090014688,0.10068846815834767,100.62167502646236,3.836856001270484,152,-0.00014914851989788482,1.1014424695032777e-06,-0.00014804707742838155,-0.004656735597176498,-0.0006216750264623557,-0.0007318411519953348,0.3358125879680639,-0.004914948800137859
Ezequiel Tovar,COL,157,695,26,83,78,6,0.033093525,0.287769784,0.2,0.344036697,0.26870229,0.294629898,0.46870229,0.3244099165637826,0.2916570079797881,94.34281409814776,0.0628998503088951,-4.638709478025523,16.835220336914062,3.659090674650288,Ezequiel Tovar,24064,678662,678662,0.3185162918640437,157,697,4.865136298421808,678662,0.3186774314311876,0.33022273705734045,89,1438,COL,113.34958076477052,0.28620301405173826,0.10013908205841446,99.57984624917259,3.797129501036918,195,-0.0014269394038467,-0.0001869049003933032,-0.0016138443042400031,0.03820690251204434,0.00042015375082741005,-0.0008142490669853168,0.29322354304048864,0.03535865538999161
Masyn Winn,STL,150,637,15,85,57,11,0.064364207,0.171114599,0.148211244,0.303418803,0.267461669,0.313880126,0.415672913,0.315483457292614,0.2951017107282366,103.83917595298146,2.22144627571106,5.145859461464935,8.499488115310669,3.608480309032025,Masyn Winn,27479,691026,691026,0.3203203201476004,148,638,4.932601880877742,691026,0.3257584229336106,0.3298073948593401,81,1362,STL,97.5001335144043,0.32357233361737464,0.1242603550295858,100.80575514691901,3.8438752534813316,177,-0.000718840253604397,-0.00022843912019334113,-0.0009472793737977382,-0.00808887632476063,-0.0008057551469190117,0.002803941878690384,0.32189633235308346,-0.005426458672948973
Oneil Cruz,PIT,146,599,21,72,76,22,0.085141903,0.302170283,0.190388171,0.346938775,0.258780036,0.323873121,0.449168207,0.3310161504881952,0.3451237048132945,110.33786992820656,5.253063254058361,12.657962783080125,2.1324944496154785,3.595550989068648,Oneil Cruz,21711,665833,665833,0.3201487619026358,145,599,4.81135225375626,665833,0.33241527676756155,0.3353807867898531,80,1319,PIT,101.54402256011964,0.3259829009553127,0.10437452033768227,100.78445678337864,3.843063114804992,168,-5.315487020930432e-05,0.00032890007285796274,0.0002757452026486584,0.005033249532882533,-0.0007844567833786443,-0.0001789333250951451,0.32566887704901926,0.0059145181938146905
Brenton Doyle,COL,149,603,23,82,72,30,0.07628524,0.253731343,0.186346863,0.315508021,0.260147601,0.317195325,0.446494464,0.3279812993811923,0.3308289139359086,96.74659953880382,5.354539439082146,3.008603652115349,11.350025177001951,3.564762589381628,Brenton Doyle,25479,686668,686668,0.3180684875948364,147,604,5.049668874172186,686668,0.3258935883618313,0.3275461079690617,85,1259,COL,113.34958076477052,0.28935378249156274,0.100398406374502,99.6636159144399,3.8003237645275703,181,-0.0007053237107823296,-0.0004545678092211791,-0.0011598915200035087,0.038627516889629565,0.00033638408556009835,-0.0007753504195721863,0.2955402756491054,0.03635589086449378
Ian Happ,CHC,153,657,25,89,86,13,0.121765601,0.255707762,0.198594025,0.298941798,0.242530755,0.340943683,0.44112478,0.3410449178843963,0.3470029641653745,120.6947412320549,1.258812636137009,17.517543955832764,-5.025836944580078,3.558384217694172,Ian Happ,17919,664023,664023,0.3160662718777277,153,660,4.989393939393939,664023,0.3152467541716553,0.3248703820311966,87,1552,CHC,97.8569507598877,0.3485137389179647,0.10802069857697283,100.38365513536802,3.827779944373926,168,-0.0017700071297999276,-0.0007221404030076872,-0.002492147532807615,-0.00746882103356844,-0.00038365513536801644,0.0003679934107984388,0.34830622209822204,-0.009209320020209598
Zach Neto,LAA,155,602,23,70,77,30,0.064784053,0.232558139,0.193726938,0.294736842,0.24907749,0.317725752,0.442804428,0.3299562754343502,0.3190859340181287,114.88853789941253,1.7759534046053886,12.031389893557858,2.3028039932250977,3.5411718351683,Zach Neto,31347,687263,687263,0.3159992032922101,155,604,4.980132450331126,687263,0.3283822213719512,0.32555811051605554,88,1186,LAA,101.23049020767212,0.3259455473913563,0.10961214165261383,99.28768789613768,3.7859890630560518,178,-0.00045646040977033735,-0.0006533675545217943,-0.0011098279642921317,0.004010728042993905,0.0007123121038623169,0.0006067098721445896,0.3275222878127063,0.0027952978469840462
Manny Machado,SDP,152,643,29,77,105,11,0.069984447,0.192846034,0.197301855,0.301801801,0.274873524,0.32503888,0.472175379,0.3396645368923385,0.3401139627291462,121.67552391873824,-0.3648503571748733,16.301551947535394,-3.6292690336704254,3.528699186013804,Manny Machado,11493,592518,592518,0.345195664847182,152,641,4.951638065522621,592518,0.33746637190051115,0.32668237185284194,85,1334,SDP,95.90458273887634,0.3541692452978583,0.11760242792109256,99.94819910581698,3.8111753501865127,172,0.0004519546430856558,-0.0005409414208431551,-8.898677775749929e-05,-0.014504708405519817,5.180089418301748e-05,0.0018052528124163983,0.35033171012572095,-0.012840243265043936
Anthony Volpe,NYY,160,689,12,90,60,28,0.06095791,0.226415094,0.120879121,0.302966101,0.2433281,0.293002915,0.364207221,0.2873523066513729,0.278382175479117,87.27204133519592,5.04425360262394,-4.989965630833906,15.953886985778809,3.490916491903395,Anthony Volpe,27647,683011,683011,0.3751053058639014,159,692,4.710982658959537,683011,0.3952701177046345,0.32725478980897543,92,1667,NYY,98.9298939704895,0.29046054242925734,0.11771771771771772,99.83279357950217,3.806774763671685,203,0.00623232922349799,-0.0004836996252298054,0.005748629598268185,-0.0031082357778844383,0.00016720642049783407,0.001822546281910172,0.2878283236566959,0.004295733681796084
Seiya Suzuki,CHC,132,585,21,74,73,16,0.107692307,0.273504273,0.19921875,0.370149253,0.283203125,0.365811965,0.482421875,0.364872846918827,0.3484517818063549,136.7325707850044,-0.8127775117754936,24.883397093407343,-11.004959225654602,3.4530251987974805,Seiya Suzuki,30116,673548,673548,0.3268597585278286,132,585,5.126495726495727,673548,0.32816523511180923,0.3279311324907616,67,1211,CHC,97.8569507598877,0.3728634952197909,0.10504549214226634,100.22337121533425,3.8216680771213993,135,-0.0004781590357845367,-0.0004160653570511874,-0.0008942243928357241,-0.00799064830096391,-0.00022337121533425375,-7.828755440753426e-05,0.3693287803406066,-0.008739789032872914
Alec Bohm,PHI,143,606,15,62,97,5,0.0660066,0.141914191,0.167870036,0.305010893,0.279783393,0.331683168,0.447653429,0.3352790382129467,0.3447550097901617,113.47498826994982,-2.6210277378559117,7.143748692756864,5.862979352474213,3.435498738849076,Alec Bohm,21618,664761,664761,0.314958404526186,143,607,5.237232289950577,664761,0.3191952572464586,0.36377856851745555,89,1327,PHI,101.27016305923462,0.3310738603401244,0.1326762699014405,100.15128818156134,3.818919442489262,194,-0.001375156822319601,0.003168678245618206,0.0017935214232986051,0.004205177872822263,-0.00015128818156134118,0.004066329109468588,0.3256338574472931,0.010216316587150798
Teoscar Hernández,LAD,154,652,33,84,99,12,0.081288343,0.288343558,0.229202037,0.344173441,0.271646859,0.339477726,0.500848896,0.359840165041847,0.3466940029327062,132.08620411701298,0.5999196097254753,25.61645840954536,-14.332844257354736,3.4163528083224923,Teoscar Hernandez,13066,606192,606192,0.350565058135766,152,642,5.007788161993769,606192,0.3326333825101928,0.34593641826528093,88,1483,LAD,99.1439938545227,0.36294701378467015,0.12178619756427606,99.9290068673602,3.8104435212313557,186,-3.134429594617849e-05,0.0013844632204007446,0.001353118924454566,-0.0031068487428231317,7.099313263979923e-05,0.0024328182588939226,0.35638627074464213,0.0006080953078855577
Isaac Paredes,- - -,153,641,19,64,80,1,0.118564742,0.163806552,0.154981549,0.259433962,0.23800738,0.346333853,0.392988929,0.327380766424588,0.3094042925767495,116.36798017405934,-0.7903815433382988,11.053570590341767,0.1976503133773803,3.3624775278247707,Isaac Paredes,20036,670623,670623,0.3231496234931371,153,644,5.069875776397516,670623,0.3301779630325798,0.32779654588363055,86,1619,,100.0,0.327380766424588,0.09683426443202979,100.04490766029659,3.814862993008316,175,-0.0002768862437074804,-0.00042952401776429343,-0.0007064102614717739,0.0,-4.4907660296587435e-05,-0.001309971710943017,0.32949442464711237,-0.0019714743121182036
Kyle Schwarber,PHI,150,692,38,110,104,5,0.15317919,0.28468208,0.237347295,0.300578034,0.247818499,0.365606936,0.485165794,0.3658075707769671,0.3802319550409498,134.02278329888222,-2.4101226404309277,25.743690112890388,-16.537389278411865,3.339911179286023,Kyle Schwarber,16478,656941,656941,0.3499526650300884,150,693,4.698412698412699,656941,0.3377798794448315,0.33052260383427745,82,1574,PHI,101.27016305923462,0.36121949419889854,0.09526854219948849,100.26567902481176,3.823281337610769,173,0.00048330539751769157,-0.00015691822269960355,0.000326387174818088,0.004588076578068534,-0.00026567902481176023,-0.0015448300458242115,0.3590324402246604,0.0036353127318741706
Salvador Perez,KCR,158,652,27,58,104,0,0.067484662,0.19785276,0.184745763,0.302272727,0.27118644,0.330261136,0.455932203,0.3350238372046628,0.3613753341173342,116.5782150454122,-5.638388641178608,6.729369162599838,3.4370458126068115,3.2818932940084187,Salvador Perez,7304,521692,521692,0.2715960612202877,160,663,5.226244343891403,521692,0.3307687219008278,0.3306266925919066,90,1316,KCR,103.06445360183716,0.3250624492697945,0.0951276102088167,100.12986021643313,3.8181023619092023,170,-0.00021781035688268058,-0.0001465093469366907,-0.00036431970381937127,0.009961387934868282,-0.00012986021643312994,-0.0015659698444249802,0.3272539987255219,0.00816095860305706
Anthony Santander,BAL,155,665,44,91,102,2,0.087218045,0.193984962,0.270588235,0.224824355,0.235294117,0.308270676,0.505882352,0.3451743663437777,0.3271819560502553,128.2676654172403,-2.7244119718670845,18.78443823013811,-9.699225664138794,3.214730816546049,Anthony Santander,14551,623993,623993,0.3395413467441994,157,673,4.977711738484398,623993,0.33044507241881294,0.32471407305780275,86,1443,BAL,98.61453771591188,0.3500238142758969,0.09437890353920889,100.5718900874698,3.8349576265724257,175,-0.000250175305084166,-0.0007377713003470732,-0.0009879466054312392,-0.004849447932119222,-0.0005718900874697965,-0.0016782758448661526,0.3499837399589288,-0.006943780294946817
JJ Bleday,OAK,159,642,20,74,60,2,0.10436137,0.194704049,0.194055944,0.278688524,0.243006993,0.324492979,0.437062937,0.3302192336330204,0.3216156578959434,120.0438407845668,-2.59663475304842,12.127221870653235,-2.3956093788146973,3.202755840257476,JJ Bleday,26368,668709,668709,0.3614845170977966,158,644,4.975155279503106,668709,0.3584165622841216,0.32289284390496525,92,1459,OAK,96.36880159378052,0.34266196961230266,0.09461325966850828,99.48017731055329,3.793328974309638,180,0.0025469736814467017,-0.0009198942156308232,0.0016270794658158785,-0.012442735979282249,0.0005198226894467126,-0.0016431224254712432,0.3419554597193411,-0.012978601628384327
Joey Ortiz,MIL,142,511,11,58,60,11,0.109589041,0.201565557,0.159090909,0.28313253,0.238636363,0.328740157,0.397727272,0.3187137223838821,0.3067055803984992,104.64613241625626,-0.153630830347538,2.6854239189410603,11.072941303253174,3.1851420065712563,Joey Ortiz,25493,687401,687401,0.3124003613488079,140,525,5.026666666666666,687401,0.32734267455410654,0.3170448870442915,73,1092,MIL,98.89779090881348,0.3222657649428642,0.12385321100917432,99.90238719297172,3.80942847295868,158,-0.0005604150915548056,-0.0015046899016981975,-0.002065104993253003,-0.0035520425589820603,9.761280702828402e-05,0.0027428702756286624,0.322594459204842,-0.002971890083634685
Nolan Arenado,STL,152,635,16,70,71,2,0.069291338,0.144881889,0.12283737,0.295597484,0.271626297,0.324921135,0.394463667,0.3136587862538386,0.2979454403831845,102.6110472697124,-2.099508069455624,-0.1168412257027542,9.719988584518433,3.1841061192813926,Nolan Arenado,9777,571448,571448,0.3215405873463555,152,635,4.889763779527559,571448,0.3262401806001055,0.32353106941329096,85,1401,STL,97.5001335144043,0.3217008787044377,0.09649749821300929,100.95271135144927,3.849478914870666,184,-0.0006706644869549083,-0.0008560716647982525,-0.0015267361517531607,-0.008042092450599114,-0.0009527113514492669,-0.0013604866437960917,0.32434925911776064,-0.0099766038946991
Brendan Donovan,STL,153,652,14,65,73,5,0.072085889,0.124233128,0.139693356,0.299798792,0.277683134,0.342024539,0.41737649,0.3322372513314697,0.3409130371843798,115.11562774919648,-1.778129830956459,10.007018910614594,-1.0515611171722412,3.175906105467001,Brendan Donovan,24679,680977,680977,0.312664103718107,153,652,4.964723926380368,680977,0.32286861298774094,0.32516214405830424,86,1424,STL,97.5001335144043,0.3407556885882482,0.11893033075299085,100.80977532304534,3.844028548851265,185,-0.0010078212481913651,-0.000692964200296925,-0.0017007854484882901,-0.008518437256778477,-0.0008097753230453435,0.002004438237201142,0.3387554424129178,-0.007405009145020281
Daulton Varsho,TOR,136,513,18,73,58,10,0.093567251,0.26705653,0.193899782,0.262295081,0.213507625,0.29296875,0.407407407,0.304275134421608,0.2658830204272317,98.6409669653947,1.5670011267066002,0.7692765248187414,12.695324957370758,3.146697145952277,Daulton Varsho,19918,662139,662139,0.3660671056116394,131,513,4.865497076023392,662139,0.33987209767966803,0.3283853407995426,81,1302,TOR,99.45313930511476,0.30594824512086516,0.10139318885448917,100.097689378163,3.816875639397873,162,0.0006925272210013434,-0.0003706445261730862,0.00032188269482825717,-0.0016731106992571854,-9.768937816299684e-05,-0.0006261330475741102,0.30861673346998,-0.0018796716738400418
Wyatt Langford,TEX,134,557,16,74,74,19,0.091561938,0.206463195,0.162324649,0.296495956,0.25250501,0.324955116,0.414829659,0.3211050060466738,0.3321077654885294,111.29704584628976,4.364511333405972,11.564398555874856,-0.2643098831176758,3.0737721553109094,Wyatt Langford,33333,694671,694671,0.3047996393926314,134,559,4.982110912343471,694671,0.32344649417623594,0.3268988311587054,67,1138,TEX,98.6534059047699,0.32548800834776687,0.11650485436893204,99.01238184366727,3.775491228674647,144,-0.0009500331293418652,-0.0005192954902568103,-0.0014693286195986755,-0.004383002301093064,0.0009876181563327293,0.0016406167795923207,0.32675131249377215,-0.005199332297432148
Tyler Stephenson,CIN,138,515,19,69,66,1,0.093203883,0.227184466,0.185995623,0.306501547,0.258205689,0.337864077,0.444201312,0.3393622592643455,0.3246214687824249,113.01500435136596,-3.3928532004356384,4.622318515726009,7.78378963470459,3.059293823787097,Tyler Stephenson,17988,663886,663886,0.3244893224091828,136,517,5.0735009671179885,663886,0.3316958251559083,0.3265036072061717,72,951,CIN,104.54981327056883,0.3245938454104128,0.11627906976744186,100.01705516951849,3.813800935590129,143,-0.0001251000313746309,-0.0005588178855101767,-0.0006839179168848076,0.014768413853932683,-1.7055169518485514e-05,0.0016067490893687932,0.3243659711456461,0.015708300195935155
Christian Walker,ARI,130,552,26,72,84,2,0.099637681,0.240942028,0.217118998,0.286585365,0.25052192,0.335144927,0.467640918,0.3434478165241924,0.354201176587273,119.58764615968676,-3.2036290392279625,9.72589721127775,1.3757238388061523,3.052310538791226,Christian Walker,13419,572233,572233,0.3327063204253412,129,553,5.311030741410488,572233,0.3306622490583202,0.3334252070793086,92,1664,ARI,100.64197778701782,0.34125702224474264,0.10949788263762855,100.0731317909857,3.8159392216159866,190,-0.00022845764113343936,0.00013334210180351302,-9.511553932992634e-05,0.002190794279449737,-7.313179098569833e-05,0.0005895710198967972,0.3396978994599478,0.002758381551002306
Luis García Jr.,WSN,140,528,18,58,70,22,0.051136363,0.162878787,0.162,0.309823677,0.282,0.318181818,0.444,0.3281335896412229,0.3348572649274554,110.26560092143444,0.5365732163190842,7.018133785923732,4.562732338905335,3.018946737591912,Luis Garcia Jr.,20391,671277,671277,0.3044832829886125,140,528,5.149621212121212,671277,0.32675141038998073,0.32759792839070573,78,1059,WSN,99.63456988334656,0.32933708654075183,0.09735349716446125,99.76974149992209,3.804370492923203,174,-0.0006195415079673861,-0.0004493857670567758,-0.0010689272750241618,-0.001203496899528922,0.00023025850007790894,-0.0012320868010782984,0.33175893118931576,-0.003734769475709291
Yainer Diaz,HOU,148,619,16,70,84,2,0.038772213,0.17285945,0.141880342,0.338297872,0.299145299,0.324717285,0.441025641,0.3288189165028939,0.3431905771230722,115.87666623872788,-1.56371608376503,9.681183238877532,-1.54288250207901,2.9594685266377945,Yainer Diaz,23003,673237,673237,0.3041590283789132,150,630,5.06984126984127,673237,0.3173253692853453,0.34120852888060454,80,1137,HOU,99.48140382766724,0.33053304823935803,0.08619173262972735,100.79559443260209,3.8434878101427685,158,-0.001562145618430927,0.0009116742819331059,-0.000650471336497821,-0.0017141317364641195,-0.000795594432602087,-0.0029063514812883834,0.3330422569461647,-0.004475360121648237
Carlos Santana,MIN,150,594,23,63,71,4,0.109427609,0.166666666,0.182341651,0.251870324,0.238003838,0.328282828,0.420345489,0.3264504484517118,0.3326018252615201,112.85098632720845,-0.9534133151173592,7.780894914005341,0.844996452331543,2.9242456786999664,Carlos Santana,2396,467793,467793,0.3171236067540262,149,596,5.00503355704698,467793,0.3286449073215794,0.32818850852536624,84,1342,MIN,100.81133842468262,0.3238231468334357,0.10321615557217652,99.45372019253661,3.792320124556224,174,-0.0004301918148075179,-0.0003903277535907246,-0.0008205195683982426,0.002627301618276068,0.0005462798074633924,-0.0003526880399210078,0.3260657788083733,0.0009078142024934251
Nathaniel Lowe,TEX,140,565,16,62,69,2,0.125663716,0.221238938,0.135802469,0.323782234,0.265432098,0.361061946,0.401234567,0.3372676782574214,0.3322981159033724,122.66619954801396,-0.8465505018830299,13.806659140507444,-4.222263336181641,2.923964923550242,Nathaniel Lowe,19566,663993,663993,0.3024405034525826,140,568,5.005281690140845,663993,0.3136167743643787,0.32903585307058864,70,1173,TEX,98.6534059047699,0.34187129695551083,0.10315430520034101,99.78599739645776,3.8049903547388855,156,-0.0019330051105275914,-0.0003055932990684851,-0.0022385984095960763,-0.004603618698089451,0.00021400260354224087,-0.0003619655956963341,0.34329468519198775,-0.007418185306924102
Willi Castro,MIN,158,635,12,89,60,14,0.08031496,0.236220472,0.137992832,0.315,0.247311827,0.331230283,0.385304659,0.3171236067540262,0.3234887907776651,106.29029540741564,-0.6003614813089371,3.969998139867191,3.267853558063507,2.9212434590142653,Willi Castro,17338,650489,650489,0.3264504484517118,155,638,4.993730407523511,650489,0.3300043650341877,0.33013431023986967,90,1428,MIN,100.81133842468262,0.31457136836939537,0.11009817671809256,99.68474506245381,3.8011294507610542,193,-0.00029424604354669204,-0.00019574758214038204,-0.0004899936256870741,0.0025522383846308117,0.0003152549375461859,0.000679615131966399,0.3163047096046728,0.002426604953363951
Josh Smith,TEX,149,592,13,67,62,11,0.077702702,0.204391891,0.135755258,0.311224489,0.258126195,0.337288135,0.393881453,0.3227134973367325,0.3092953175154526,112.42849146778796,-0.5736059546470642,7.845107592901803,0.7673776745796204,2.916014719157591,Josh Smith,26396,669701,669701,0.3144522962663794,148,593,4.924114671163576,669701,0.31595308255048693,0.3299485602123143,85,1244,TEX,98.6534059047699,0.3271184551380291,0.10369774919614148,99.33933672233691,3.787958510580245,168,-0.0016993742919167666,-0.00021432258489592073,-0.0019136968768126874,-0.004404957801296627,0.0006606632776630904,-0.00028044899632626296,0.33005334584402485,-0.007259766952098668
Jonathan India,CIN,151,637,15,84,58,13,0.125588697,0.196232339,0.144465291,0.2925,0.247654784,0.357480314,0.392120075,0.3333710933294821,0.3536995246959409,108.98253900584912,-0.053777277469635,6.788486747927218,0.1282945885322988,2.913569264355192,Jonathan India,21523,663697,663697,0.3444728808645367,151,638,4.691222570532915,663697,0.33386789830773034,0.3315459571285825,84,1444,CIN,104.54981327056883,0.3188634038654255,0.11295911295911296,100.24807318953349,3.822610000597873,167,9.210728380757427e-05,-5.45828932691006e-05,3.752439053847367e-05,0.014507689464056617,-0.00024807318953348555,0.0011087555681194578,0.31879955362958745,0.015902042612248035
Taylor Ward,LAA,156,663,25,73,75,6,0.095022624,0.245852187,0.179487179,0.29382716,0.246153846,0.322775263,0.425641025,0.3253815192982082,0.3454972004962471,111.67056100911094,-2.571352504193783,6.282063453853397,-0.8674530982971191,2.828792945943823,Taylor Ward,17548,621493,621493,0.3205831345608428,156,665,4.870676691729323,621493,0.3302877195936995,0.32991480216627533,88,1461,LAA,101.23049020767212,0.3214263989344467,0.11034955448937629,99.17687632418392,3.7817636509393355,170,-0.0002659105875955081,-0.00021769838949981524,-0.00048360897709532333,0.0039551203637614996,0.0008231236758160776,0.0007173217976589582,0.322891636794806,0.003365709508509057
Brandon Nimmo,NYM,151,663,23,88,90,15,0.116138763,0.238310708,0.175131348,0.267175572,0.224168126,0.32730015,0.399299474,0.3205134388723402,0.3382558186848958,108.35613521399686,2.479599617421627,9.104514024823864,-4.3852715492248535,2.7763765132636475,Brandon Nimmo,12927,607043,607043,0.347687098837752,154,679,4.90279823269514,607043,0.33606391521274587,0.34134033369481775,84,1578,NYM,96.34352326393127,0.3326777223979028,0.11372299872935197,99.96498800394053,3.8118155361554216,190,0.00031170897430912725,0.0009248547633544269,0.0012365637376635541,-0.012164283525562591,3.5011996059466814e-05,0.0012233384336553105,0.33030495698445583,-0.009739393350303193
Andrés Giménez,CLE,152,633,9,64,63,30,0.041074249,0.153238546,0.087478559,0.285714285,0.252144082,0.298412698,0.339622641,0.2814977787825943,0.3009542395465893,83.21128527282949,2.2156159207224846,-9.944193464056609,15.688987731933594,2.7601974694050764,Andres Gimenez,19950,665926,665926,0.3610086939111449,151,634,4.826498422712934,665926,0.3537640494776757,0.33906957020122774,83,1391,CLE,98.87371063232422,0.2847043738748547,0.10230547550432277,100.37189032889906,3.827331334585903,176,0.002081722400802111,0.0006977784139954257,0.0027795008147975366,-0.0032065950922604003,-0.00037189032889905604,-0.0004892900500990698,0.2869154534872082,-0.0005444939986628775
Jeremy Peña,HOU,157,650,15,78,70,20,0.038461538,0.17076923,0.127906977,0.300829875,0.26578073,0.307573415,0.393687707,0.3050573243998891,0.3136126794547678,99.16227710219016,2.172145076096058,1.5491001689817616,3.3890154361724854,2.735079997377329,Jeremy Pena,21636,665161,665161,0.304904356052368,159,658,4.957446808510639,665161,0.3245382845833427,0.3396571139548578,89,1337,HOU,99.48140382766724,0.3066475870488753,0.1099476439790576,100.74650523137306,3.8416159649733888,182,-0.0008408540886311877,0.0007565327893584329,-8.432129927275485e-05,-0.001590262648986207,-0.0007465052313730638,0.000657035221111154,0.30787293909017427,-0.0002710434957747442
Adley Rutschman,BAL,148,638,19,68,79,1,0.09090909,0.161442006,0.140105079,0.271929824,0.250437828,0.318181818,0.390542907,0.3089022896421237,0.3204838790292815,102.75314592908194,-2.9677981063723564,-0.957985723593497,6.191771328449249,2.724537675113767,Adley Rutschman,26288,668939,668939,0.3321536343813595,150,647,4.970633693972179,668939,0.32588842493268466,0.37631910643486427,85,1564,BAL,98.61453771591188,0.31324214136865647,0.10025706940874037,100.44453646322098,3.8301014410899827,178,-0.0007058400536969934,0.004422732037359079,0.0037168919836620858,-0.004339851726532784,-0.0004445364632209845,-0.0007965509644364307,0.31196694548166565,-0.0009749742440861445
Jacob Young,WSN,150,521,3,75,36,33,0.057581573,0.195777351,0.074786325,0.320547945,0.256410256,0.31640625,0.331196581,0.2896075388416648,0.2914927024540938,84.33492792090736,4.273840069770813,-5.485746151515205,13.89448356628418,2.667169235998416,Jacob Young,29931,696285,696285,0.3225321906326683,145,523,5.107074569789675,696285,0.3234940333666937,0.330467118737459,77,1007,WSN,99.63456988334656,0.29066973358819237,0.10625620655412116,99.35212767500235,3.788446248868078,164,-0.0009452792102960906,-0.00016246673238144995,-0.0011077459426775405,-0.0010621947465275783,0.0006478723249976497,0.00010331960737068809,0.29616723700772396,-0.0027144934068320803
Will Smith,LAD,128,544,20,77,75,1,0.09375,0.193014705,0.18487395,0.272980501,0.247899159,0.327205882,0.432773109,0.3257519090928996,0.3366978773430212,109.14247124469463,-1.2009476649109274,4.746406303154666,2.3400936126708984,2.6100182292158864,Will Smith,19197,669257,669257,0.3679672070072886,126,536,5.184701492537314,669257,0.3509873321149386,0.3771709194437886,73,1281,LAD,99.1439938545227,0.32856444089884684,0.09881422924901186,99.83421164165605,3.8068288365171616,162,0.0018040506645284006,0.004507913338251512,0.006311964002779913,-0.0028125318059472604,0.00016578835834394568,-0.0010129769883957071,0.32416552600260273,0.002320666850093
Matt Olson,ATL,162,685,29,78,98,0,0.103649635,0.248175182,0.21,0.293103448,0.246666666,0.332846715,0.456666666,0.3394500888445798,0.3410483591655302,117.40058190255142,-3.614585906267166,10.63872071416123,-8.30626630783081,2.605828676195739,Matt Olson,14344,621566,621566,0.3428699108750683,164,693,5.31024531024531,621566,0.3586194391493597,0.36366048178462956,90,1658,ATL,100.12708902359007,0.33901923261207056,0.09272727272727273,100.20496573963896,3.8209662486151736,174,0.002567261367970508,0.003156869572335608,0.005724130940306116,0.00043085623250921357,-0.0002049657396389648,-0.0019260204666565763,0.33459194874298065,0.004433932445797718
Brice Turang,MIL,155,619,7,72,57,50,0.080775444,0.169628432,0.094812165,0.3,0.254025044,0.315960912,0.348837209,0.2942323857769491,0.3016548531954405,88.1685147784398,7.249273017048836,-1.5084498684378111,5.543793678283691,2.553836580333091,Brice Turang,22186,668930,668930,0.3437166629115974,156,631,4.73217115689382,668930,0.3440370636021696,0.3297882870799739,87,1414,MIL,98.89779090881348,0.29751158551988244,0.11606510969568294,100.1593389228351,3.819226429378148,179,0.001109023813251503,-0.00023034989812996122,0.0008786739151215419,-0.0032791997429333364,-0.0001593389228351043,0.0015746550786049556,0.2984864338270656,-0.0006665318263717344
Matt Vierling,DET,144,567,16,80,57,6,0.072310405,0.21340388,0.166023166,0.303108808,0.256756756,0.312169312,0.422779922,0.3174157493316664,0.3111163997308327,107.01300052232018,2.773012660443783,7.322815081970244,-3.45133113861084,2.3407947653078893,Matt Vierling,21558,663837,663837,0.3246573556324547,145,580,4.805172413793104,663837,0.32644860848587,0.33203446771257433,80,1255,DET,100.305438041687,0.31644919311328684,0.12520064205457465,100.3019091003843,3.824662844953499,168,-0.000649821698378461,-5.731834869915354e-06,-0.0006555535332483764,0.000966556218379544,-0.0003019091003842931,0.002944984932438712,0.31554947533641775,0.0035578967179541727
Heliot Ramos,SFG,121,518,22,54,72,6,0.071428571,0.26061776,0.2,0.329192546,0.269473684,0.322393822,0.469473684,0.3387795454540918,0.3378646373748779,119.75980864309486,-0.6154462620615959,11.624338439834188,-6.525151968002319,2.3150089356043866,Heliot Ramos,22515,671218,671218,0.3401051119186912,121,518,5.06949806949807,671218,0.3314643635960172,0.3315645285727508,55,975,SFG,97.25400805473328,0.34834507310324025,0.09801876955161627,99.68356173800201,3.8010843288176646,125,-0.00014824618736373752,-5.2725748852267e-05,-0.00020097193621600453,-0.009565527649148475,0.00031643826199798754,-0.0011322959430050447,0.3480727093040902,-0.011215233790367513
Josh Naylor,CLE,152,633,31,84,108,6,0.091627172,0.165876777,0.213143873,0.245939675,0.243339253,0.319620253,0.456483126,0.3316002348899841,0.3372639124887139,118.45437607436352,-2.548099420964718,10.818123010352243,-9.86380934715271,2.26544750892254,Josh Naylor,18839,647304,647304,0.2956322668618997,152,637,5.17425431711146,647304,0.33077637471590415,0.36095005942980196,85,1268,CLE,98.87371063232422,0.3353775566521278,0.07958199356913183,100.00292324845996,3.813262064158019,176,-0.00021704507537504414,0.002885827336852848,0.0026687822614778036,-0.003777321762143737,-2.9232484599646112e-06,-0.003897812340377711,0.3360207051183878,-0.00500342859258368
Michael Busch,CHC,152,567,21,73,65,2,0.111111111,0.285714285,0.191532259,0.321766561,0.24798387,0.335097001,0.439516129,0.3364596908168321,0.3241080765175608,117.60856911592568,-1.6106901913881302,10.328322383293637,-8.014784336090088,2.196484244101778,Michael Busch,26319,683737,683737,0.3331285764796129,149,568,4.795774647887324,683737,0.32014738311924007,0.3083570739856281,84,1310,CHC,97.8569507598877,0.3438280962201711,0.09188361408882083,100.71719905692225,3.8404984764075674,160,-0.0012799442350414525,-0.002373471207564537,-0.0036534154426059893,-0.007368405403338996,-0.0007171990569222544,-0.002052569262424361,0.34701260166552805,-0.012357191051447091
Bryan Reynolds,PIT,156,692,24,73,88,10,0.082369942,0.225433526,0.172025723,0.330337078,0.274919614,0.343930635,0.446945337,0.3427446141990418,0.3532597793068254,118.23192994662918,0.97876488417387,16.06566525149137,-18.195941925048828,2.1690951929669087,Bryan Reynolds,19326,668804,668804,0.3293305816401204,156,692,4.728323699421965,668804,0.3308519738609793,0.3268763976373121,90,1551,PIT,101.54402256011964,0.3375330280973635,0.07433742727860375,100.29505348015924,3.824401429830009,188,-0.00020948516086752856,-0.0005215388423961409,-0.0007310240032636694,0.005211586101678267,-0.0002950534801592397,-0.004684497283956923,0.3414655542980592,9.111829461691447e-05
Logan O'Hoppe,LAA,136,522,20,64,56,2,0.06321839,0.296934865,0.164926931,0.318032786,0.244258872,0.303262955,0.409185803,0.3110666224686518,0.3332774235652043,101.6011702451672,-4.74215093255043,-3.785808069212233,7.252860184758902,2.1449817823344293,Logan O'Hoppe,24729,681351,681351,0.3273496571728579,136,523,4.988527724665392,681351,0.32988508877754125,0.33030610695287665,77,1077,LAA,101.23049020767212,0.3072855044270807,0.09023255813953489,99.26840591835276,3.785253812205168,155,-0.00030617366921133486,-0.00017856791083968316,-0.000484741580051018,0.0037811180415711076,0.0007315940816472449,-0.0023002276548172522,0.31279926895331334,0.00026455472505559257
Lourdes Gurriel Jr.,ARI,133,553,18,72,75,7,0.052441229,0.182640144,0.155945419,0.313283208,0.278752436,0.32188065,0.434697855,0.3267033058016196,0.3247544108957484,108.31744267166582,-0.6943700537085533,4.805801452228541,-2.6786558628082275,2.128899553329428,Lourdes Gurriel Jr.,19238,666971,666971,0.3417040558093958,133,555,5.230630630630631,666971,0.3420986653757242,0.336200630199585,84,1363,ARI,100.64197778701782,0.32461932186289194,0.11903012490815577,100.29894208604773,3.8245497082286333,172,0.0009151839906069604,0.00041088441383115297,0.0013260684044381133,0.0020839839387276626,-0.00029894208604773096,0.0020194073604758805,0.3219548215948139,0.005728401789689388
Cody Bellinger,CHC,130,569,18,72,78,9,0.079086115,0.156414762,0.160852714,0.287439613,0.265503875,0.32513181,0.426356589,0.3218178371517683,0.3049769011256533,107.75359795665254,1.3971683979034424,6.6728287616541015,-5.552166521549225,2.080191667768048,Cody Bellinger,15998,641355,641355,0.3163325774504981,130,570,5.033333333333333,641355,0.3044352799092085,0.3463042871021598,75,1188,CHC,97.8569507598877,0.3288655886503301,0.12809564474807855,100.15489835172858,3.819057103714522,159,-0.002851154556044611,0.001421250104088634,-0.0014299044519559768,-0.007047751498561794,-0.00015489835172857624,0.0033792353364642974,0.32716263145676067,-0.0049435222623248985
Jake Cronenworth,SDP,155,656,17,72,83,5,0.092987804,0.179878048,0.149046793,0.274157303,0.240901213,0.323619631,0.389948006,0.31488512410708,0.3394956897330027,104.99728058093454,0.0914641916751861,4.011579647335907,-5.940893054008484,2.0655615062489474,Jake Cronenworth,18036,630105,630105,0.3425125855744141,154,656,4.920731707317073,630105,0.3395388921917406,0.3424391394220136,87,1508,SDP,95.90458273887634,0.3283316762499574,0.10557768924302789,100.09033721947853,3.816595290515156,176,0.000659206672208601,0.0010347353360740108,0.001693942008282612,-0.013446552142877377,-9.033721947852769e-05,1.542010706698238e-06,0.3269686774944174,-0.01166073090440954
Pete Alonso,NYM,162,695,34,91,88,3,0.100719424,0.247482014,0.21875,0.275862068,0.240131578,0.329496402,0.458881578,0.3398528206020637,0.3459385178431717,121.37286475824538,-4.215423002839088,13.54727068691504,-16.84054470062256,2.059340861214629,Pete Alonso,19251,624413,624413,0.3318111802037121,165,708,5.045197740112994,624413,0.32970832868147454,0.35160409149677996,89,1538,NYM,96.34352326393127,0.35275108184599313,0.10484927916120576,99.85844984183166,3.8077530755916884,187,-0.0003238496788180057,0.0019512305435506472,0.0016273808647326415,-0.012898261243929454,0.00014155015816834292,-0.00010771950156662144,0.34931308156097274,-0.011520150038931778
Randy Arozarena,- - -,154,648,20,77,60,20,0.11265432,0.260802469,0.169398908,0.274725274,0.218579234,0.331790123,0.387978142,0.3203924835464101,0.322468658871776,114.24854061392074,-1.1503080874681473,9.414241790940022,-11.701110601425173,1.982053602537328,Randy Arozarena,19290,668227,668227,0.3261433234627089,154,650,4.98,668227,0.3297691967114536,0.33048277408283316,88,1543,,100.0,0.3203924835464101,0.09474367293964958,100.27409008928682,3.823602064165954,177,-0.00031776287582009903,-0.00016090119784403225,-0.0004786640736641313,0.0,-0.00027409008928681546,-0.0016235604348000482,0.3230759641531055,-0.001828134419177364
Shea Langeliers,OAK,137,534,29,58,80,4,0.076779026,0.27153558,0.226141078,0.251592356,0.22406639,0.288389513,0.450207468,0.31521909476671,0.3280744050678454,109.4924367781867,-2.7900562956929207,3.009898085990128,-1.7468717098236084,1.9584334565593065,Shea Langeliers,25816,669127,669127,0.2905715246460919,135,537,5.216014897579144,669127,0.3274360010797257,0.3501645555035035,77,1041,OAK,96.36880159378052,0.3270966220950222,0.10949612403100775,99.4246707954439,3.7912124272977636,161,-0.0005510824389928893,0.0018072769442230019,0.0012561945052301125,-0.01187752732831221,0.0005753292045560983,0.0005893072289036772,0.32632121259297686,-0.010607354798734517
Jake Meyers,HOU,148,513,13,51,61,11,0.06822612,0.228070175,0.14099783,0.262686567,0.219088937,0.286274509,0.360086767,0.2845809464361153,0.3069262767401267,84.75877468073166,2.204454630613327,-6.7418329801419095,8.596922159194946,1.9476930736698408,Jake Meyers,20308,676694,676694,0.3358413071738799,139,516,5.075581395348837,676694,0.3314372141736181,0.3259509837231835,74,962,HOU,99.48140382766724,0.2860644658061904,0.1040582726326743,101.15347277716873,3.8571342503726114,152,-0.0001509611296036495,-0.0006140802338090002,-0.0007650413634126497,-0.0014835193700750704,-0.0011534727771687302,-0.00022637048084634125,0.2903895723700294,-0.0013214584371653315
Yandy Díaz,TBR,145,621,14,55,65,0,0.080515297,0.152979066,0.13321492,0.31441048,0.280639431,0.341384863,0.413854351,0.3305333292234731,0.3390151335583535,120.34472436052371,-3.63025863468647,10.825770597652047,-12.782237768173218,1.923750224550192,Yandy Diaz,16578,650490,650490,0.3141349137033543,145,622,4.760450160771704,650490,0.3277010668223965,0.3306871521287334,89,1554,TBR,96.29061222076416,0.3432664115434887,0.10617760617760617,100.407321707728,3.8286823864189934,177,-0.000524575864725807,-0.00014046339325400893,-0.000665039257979816,-0.012733082320015576,-0.00040732170772800206,9.15295508934405e-05,0.34216674757263915,-0.01289927031937395
Ryan McMahon,COL,153,645,20,68,65,4,0.106976744,0.286821705,0.155202822,0.319672131,0.241622574,0.32503888,0.396825396,0.3154038186177774,0.3257490161094243,88.2810928471532,-2.6541661247611046,-11.69291066971846,8.604419708251953,1.907867172335438,Ryan McMahon,15112,641857,641857,0.3176630931796841,153,649,5.254237288135593,641857,0.328583974468256,0.32407644369339755,89,1646,COL,113.34958076477052,0.27825759609320594,0.1343101343101343,99.7753501081423,3.8045843576009957,189,-0.00043628510013986045,-0.0008015342367875933,-0.0012378193369274538,0.03714622252457145,0.00022464989185769468,0.00431140877077266,0.28094519888017333,0.03999516206655897
CJ Abrams,WSN,138,602,20,79,65,31,0.066445182,0.212624584,0.186691312,0.28463476,0.245841035,0.314475873,0.432532347,0.3222490843123815,0.320060089930592,106.3049254749442,1.608085997402668,6.146851373139336,-8.262802600860596,1.859852900857557,CJ Abrams,25768,682928,682928,0.3164549144483042,137,606,4.602310231023102,682928,0.31909110829727483,0.30510912027178183,83,1392,WSN,99.63456988334656,0.3234309985878143,0.10507246376811594,99.62459920867013,3.798835998778857,186,-0.0013855717172379768,-0.002698266578949166,-0.004083838296187143,-0.0011819142754328493,0.0003754007913298665,-7.424181053009501e-05,0.32824543952135204,-0.005715395173479954
Gleyber Torres,NYY,154,665,15,80,63,4,0.09774436,0.204511278,0.120954003,0.306306306,0.257240204,0.330316742,0.378194207,0.3126727258098251,0.3136443399264845,105.0829412563799,-4.586038514971733,-0.718431464465592,-3.685068845748901,1.8216471756372457,Gleyber Torres,16997,650402,650402,0.3575104497406908,154,667,4.776611694152924,650402,0.33336823394121534,0.32595001880092356,90,1558,NYY,98.9298939704895,0.3160548477926141,0.10077021822849808,99.9177091798623,3.810012723393162,185,4.2140847156074694e-05,-0.0006141767260349929,-0.0005720358788789182,-0.0033821219827890325,8.22908201377004e-05,-0.0007195786414727741,0.31876328580387,-0.004756027323278425
Bryson Stott,PHI,148,571,11,65,57,32,0.092819614,0.162872154,0.110671937,0.274939172,0.245059288,0.315236427,0.355731225,0.2959171467705777,0.3119384603009131,86.98173722315366,4.602767609059811,-4.286181632528955,2.4069921672344208,1.777278723239052,Bryson Stott,26294,681082,681082,0.3477044510946854,147,572,4.97027972027972,681082,0.3332449774259018,0.3301252565926135,85,1350,PHI,101.27016305923462,0.2922056584400785,0.10573343261355175,100.43581695789673,3.8297689532207175,182,2.981519562472168e-05,-0.00019665294686599944,-0.00016683775124127776,0.0037114883304991686,-0.00043581695789673345,2.4903516285277454e-05,0.2957980061295008,0.004005371053439902
Colt Keith,DET,148,556,13,54,61,7,0.064748201,0.197841726,0.120155039,0.306329113,0.259689922,0.309352517,0.379844961,0.3007700167838417,0.3159625199589416,95.30405231459928,0.3396484851837158,-2.647822176599391,0.9054285287857056,1.723350989016357,Colt Keith,27899,690993,690993,0.3392132481022044,150,564,4.900709219858156,690993,0.3333836133159448,0.32623788387622527,80,1053,DET,100.305438041687,0.29985414814582784,0.09257473481195758,100.29680249422798,3.8244681223704,154,4.367878462901986e-05,-0.0005853902185048221,-0.0005417114338758022,0.0009158686380138503,-0.0002968024942279755,-0.001948901153953849,0.3049205703995634,-0.0012779414555878256
Jesús Sánchez,MIA,149,537,18,60,64,16,0.076350093,0.260707635,0.165644172,0.315315315,0.251533742,0.313432835,0.417177914,0.3169589393147815,0.3476688987330386,101.40871327945555,0.6551544815301895,1.55975780428454,-3.9787464141845694,1.604145705201739,Jesus Sanchez,19913,660821,660821,0.3220914292911122,149,538,4.933085501858736,660821,0.32809157774009123,0.31686974221894476,82,996,MIA,100.99986791610718,0.31382114239798303,0.10140562248995984,99.98103131258274,3.812427291674577,160,-0.0004855247729563361,-0.0015222043842328726,-0.002007729157189209,0.003137796916798441,1.8968687417256546e-05,-0.0006242680022535099,0.3179023054044355,0.00048683106993846557
Spencer Steer,CIN,158,656,20,74,92,25,0.109756097,0.208841463,0.177700349,0.260143198,0.224738675,0.31859756,0.402439024,0.3164798483593773,0.3205350726888519,97.6135733111714,4.5349496603012085,2.662917863173515,-9.573967397212982,1.5510591096120343,Spencer Steer,26323,668715,668715,0.3265610478914316,158,660,5.098484848484849,668715,0.33306635336378637,0.337170224854742,89,1488,CIN,104.54981327056883,0.3027072344360347,0.10182063385030343,100.10703849120254,3.8172321351574876,184,1.195278941317768e-05,0.0005078438793468532,0.0005197966687600309,0.013772613923342614,-0.00010703849120254461,-0.0005620162982019706,0.3054555820009235,0.013837432785103219
Sal Frelick,MIL,145,524,2,66,32,18,0.07442748,0.148854961,0.075789474,0.305555555,0.258947368,0.319845857,0.334736842,0.2920540520680892,0.2833637702395883,86.70234687598976,3.27005635201931,-5.062294936463754,2.2768096923828125,1.5214127283533192,Sal Frelick,29622,686217,686217,0.3277186689563247,146,535,4.674766355140188,686217,0.33426981567471825,0.32828410186403917,84,1193,MIL,98.89779090881348,0.2953089744313614,0.09144295302013423,99.92781171213045,3.8103979481625854,163,0.00013229902050636568,-0.0003807684197234318,-0.00024846939921706617,-0.0032549223632721835,7.218828786955101e-05,-0.0021186684227273503,0.3010508784711346,-0.005694248473086151
Vinnie Pasquantino,KCR,131,554,19,64,97,1,0.072202166,0.128158844,0.183467742,0.264916467,0.262096774,0.314647377,0.445564516,0.3245793902787609,0.3362866000852723,109.23137778473206,-1.4433144629001615,4.408383428577507,-8.157171249389648,1.5092887460821536,Vinnie Pasquantino,27676,686469,686469,0.3346908034334522,133,568,5.049295774647887,686469,0.33435358989012115,0.4082183278950619,89,1455,KCR,103.06445360183716,0.31492855095578287,0.10628019323671498,100.1027352368467,3.8170680455883583,180,0.00014067644204665553,0.0076126541833788424,0.007753330625425498,0.009650839322978055,-0.00010273523684669784,0.00010691760975976086,0.3093464187194526,0.017613822795010014
Jake Burger,MIA,137,579,29,68,76,1,0.053540587,0.259067357,0.209345795,0.291666666,0.250467289,0.300518134,0.459813084,0.3254176387547207,0.3390461868709988,107.10199781380808,-0.6811041459441185,4.236124266662797,-9.694618463516235,1.4352359718745888,Jake Burger,22275,669394,669394,0.3154251328230227,137,579,5.160621761658031,669394,0.321137752104679,0.31257770563683357,68,1009,MIA,100.99986791610718,0.32219610329096676,0.09226190476190477,99.62602281301372,3.798890282956373,151,-0.0011809073364975609,-0.0019514080424439919,-0.0031323153789415527,0.0032215354637539217,0.0003739771869862807,-0.0019958256614617705,0.32800580735059753,-0.002280582763635682
Ryan Mountcastle,BAL,124,507,13,54,63,3,0.053254437,0.224852071,0.154334038,0.326704545,0.270613107,0.307692307,0.424947145,0.3155164792692873,0.3362988558682528,107.40570198559644,-0.8342187628149986,3.4619348171818194,-6.39782190322876,1.4323526982343306,Ryan Mountcastle,18373,663624,663624,0.3460230750769278,126,514,5.223735408560311,663624,0.34039471756252376,0.3226344159414593,83,1335,BAL,98.61453771591188,0.3199492555329166,0.10569715142428786,100.37253329798271,3.82735585196535,171,0.0007447892092869168,-0.0009457370119814179,-0.00020094780269450108,-0.004432776263629312,-0.000372533297982713,1.9461337895693154e-05,0.3208597958138362,-0.004241729430445407
Zack Gelof,OAK,138,547,17,60,49,25,0.069469835,0.34369287,0.150905433,0.296296296,0.211267605,0.270220588,0.362173038,0.2764205327805351,0.2734827424500748,82.200735945859,4.283658906817436,-6.856592186170106,2.48012575507164,1.420501095986472,Zack Gelof,29766,680869,680869,0.3369408815559662,137,548,4.85948905109489,680869,0.3312465640915847,0.32949987420721405,71,1107,OAK,96.36880159378052,0.2868361214511303,0.10216998191681737,99.33064396506134,3.7876270426543566,147,-0.00017002613780698895,-0.00025919118540594367,-0.0004292173232129326,-0.010415588670595222,0.0006693560349386587,-0.0005096140882248808,0.29267728599183285,-0.012023776116971694
Jesse Winker,- - -,145,508,14,63,58,14,0.124015748,0.208661417,0.15116279,0.303514376,0.253488372,0.359683794,0.404651162,0.3378350832869136,0.3302987719339038,117.67612396301912,-2.8266476839780807,7.911071334461189,-11.492769360542296,1.3839422503368202,Jesse Winker,13590,608385,608385,0.3231111384354965,147,516,4.837209302325581,608385,0.3266262125211391,0.32037245924116364,87,1369,,100.0,0.3378350832869136,0.12243401759530792,99.34081533173676,3.7880148921833916,177,-0.0006320612948515492,-0.0011719326820109845,-0.0018039939768625336,0.0,0.0006591846682632366,0.0025299912635487025,0.3370688515857184,6.681261842293208e-05
Lane Thomas,- - -,130,528,15,65,63,32,0.083333333,0.259469696,0.163135593,0.298461538,0.237288135,0.308712121,0.400423728,0.3088420941662291,0.3112877442216963,98.80129304021476,3.989039823412895,3.383000171053884,-7.656508311629295,1.376071282125522,Lane Thomas,16939,657041,657041,0.3335147767338965,128,529,4.871455576559546,657041,0.3334618055558839,0.325057804224286,62,1087,,100.0,0.3088420941662291,0.10487580496780129,99.88633862416316,3.80881651686146,142,5.1498008622929973e-05,-0.0007033981836987503,-0.0006519001750758203,0.0,0.00011366137583684122,-0.00010374063057729255,0.31181766469702393,-0.0008693021814899541
Maikel Garcia,KCR,157,626,7,84,58,37,0.067092651,0.164536741,0.100869566,0.268085106,0.231304347,0.281350482,0.332173913,0.270082251818617,0.3051139610756632,70.89697766953812,8.074000909924507,-12.771773477935088,4.074806571006775,1.2447227357159438,Maikel Garcia,22715,672580,672580,0.4090284771045523,158,634,4.79179810725552,672580,0.4036643036333092,0.3306068635468071,91,1492,KCR,103.06445360183716,0.2620517961139249,0.13547954393024816,100.07750658659089,3.816106039160693,185,0.007071747816365459,-0.00014849225144664135,0.006923255564918818,0.00803045570469213,-7.750658659088571e-05,0.004486820213789739,0.25858520035783966,0.019518038069991573
Leody Taveras,TEX,151,529,12,59,44,23,0.079395085,0.211720226,0.122916667,0.272222222,0.229166666,0.288973384,0.352083333,0.2821436639974325,0.2994106190414721,83.89084219336124,1.598325476050377,-8.152336819220944,2.177668482065201,1.193824758897297,Leody Taveras,18900,665750,665750,0.3096523192797649,148,529,4.916824196597354,665750,0.3124584675739234,0.32749409362374526,85,1179,TEX,98.6534059047699,0.2859948538115204,0.11704834605597965,99.45489440462185,3.792364899031354,180,-0.002048835789573117,-0.00045976924375282224,-0.0025086050333259394,-0.0038511898140878853,0.0005451055953781464,0.0017221405326494617,0.29167118950089427,-0.00518275991014251
Justin Turner,- - -,139,539,11,59,55,0,0.109461966,0.176252319,0.123913043,0.299168975,0.258695652,0.354359925,0.382608695,0.3265532150836852,0.333037392387177,116.46404160788208,-4.55053286254406,5.603319104326765,-12.286426551640034,1.1548908164992762,Justin Turner,5235,457759,457759,0.3115209278199758,139,542,4.955719557195572,457759,0.31852695435488115,0.35004183045980697,77,1322,,100.0,0.3265532150836852,0.10378787878787879,99.83632151289176,3.8069092890847664,151,-0.0014419871114773443,0.0017950044398533484,0.0003530173283760041,0.0,0.00016367848710824263,-0.00026692955756566704,0.3270451332040616,-7.759071629790559e-05
Paul Goldschmidt,STL,154,654,22,70,65,11,0.071865443,0.264525993,0.168614357,0.307881773,0.245409015,0.301538461,0.414023372,0.3098225554934254,0.3324428593780234,100.02900100910848,-0.059072196483612,-0.036391721660149,-10.655078768730164,1.1537208876533984,Paul Goldschmidt,9218,502671,502671,0.3179828636548202,154,657,4.963470319634704,502671,0.32380422632856176,0.3257614195511292,87,1626,STL,97.5001335144043,0.3177662884406752,0.1365040148239654,100.81710360651182,3.8443079873359647,184,-0.0009142599141092833,-0.0006330366510144292,-0.0015472965651237127,-0.007943732947249815,-0.0008171036065118216,0.004640490847847325,0.31554779948037254,-0.004033435058014381
Luis Arraez,- - -,150,672,4,83,46,9,0.035714285,0.043154761,0.078492936,0.323966942,0.313971742,0.346268656,0.392464678,0.3227873320343612,0.3302921483899164,109.21884083893246,-0.9683540388941764,6.439746615190863,-18.09548097848892,1.116278262462667,Luis Arraez,18568,650333,650333,0.3456633408326133,152,681,4.826725403817915,650333,0.3240616090741316,0.3309345673502398,89,1422,,100.0,0.3227873320343612,0.09738884968242767,100.05742394587936,3.81534025782665,176,-0.0008885216395522977,-0.00011572187110336918,-0.0010042435106556668,0.0,-5.742394587936417e-05,-0.001226783923383335,0.3255422499543455,-0.0021736034881596374
Jorge Soler,- - -,142,574,21,84,64,1,0.118466898,0.245644599,0.200811359,0.292537313,0.24137931,0.338003502,0.442190669,0.3397771031342955,0.3522061130456757,119.58796962459358,-4.398667372763157,9.046388107595632,-17.95328962802887,1.061829971046185,Jorge Soler,14221,624585,624585,0.3559675439969594,144,582,4.840206185567011,624585,0.3325820299427345,0.3318021804301885,79,1293,,100.0,0.3397771031342955,0.10046728971962617,99.76001698610243,3.8039996825665017,166,-3.64795526920092e-05,-2.8960563108498816e-05,-6.544011580050801e-05,0.0,0.0002399830138975716,-0.0007650179178035607,0.33984019774769414,-0.0010704410475016403
George Springer,TOR,145,614,19,74,56,16,0.097719869,0.187296416,0.150458715,0.244552058,0.220183486,0.303425774,0.370642201,0.2983212936760745,0.3252579235639729,94.45291379764272,3.4486011937260628,-0.4484749681065834,-9.672271013259888,1.0565996169344485,George Springer,12856,543807,543807,0.3606274106548655,145,616,4.878246753246753,543807,0.35301451890133145,0.32828920855334626,85,1288,TOR,99.45313930511476,0.29996166612785063,0.10304449648711944,99.93130142001152,3.810531015979462,165,0.002006769343167686,-0.00038025775079272297,0.001626511592374963,-0.0016403724517761176,6.869857998847806e-05,-0.00037843690267956934,0.3019814690004061,-0.0004609963420692019
Ceddanne Rafaela,BOS,152,571,15,70,75,19,0.026269702,0.264448336,0.143382353,0.312335958,0.246323529,0.274165202,0.389705882,0.2860401698821027,0.2759756437489684,80.91939343147581,0.5855370610952377,-11.880657260497545,2.938391327857971,1.031112586796556,Ceddanne Rafaela,24262,678882,678882,0.3569431621077274,151,571,5.028021015761821,678882,0.34929954189863066,0.3310894068545183,88,1174,BOS,104.24087047576904,0.27440309024337356,0.09914529914529914,99.85483471780202,3.8076152254681954,196,0.0016352716428976067,-0.00010023792067551663,0.00153503372222209,0.01163707963872912,0.0001451652821979792,-0.0009633165039526145,0.2796562924606486,0.012063631574800615
Orlando Arcia,ATL,157,602,17,50,46,2,0.068106312,0.212624584,0.136116153,0.249394673,0.217785843,0.271214642,0.353901996,0.2726847584048907,0.2658615112304687,72.46293801034192,-1.095210276544094,-20.91848400196112,8.75169837474823,0.8218255436212739,Orlando Arcia,13185,606115,606115,0.3656979142708862,159,609,4.970443349753694,606115,0.33059311622258714,0.34035646406971287,84,1249,ATL,100.12708902359007,0.2723386458789847,0.10808646917534027,100.23612259281789,3.822154306347952,170,-0.00023537092470674593,0.0008264678008439386,0.0005910968761371927,0.00034611252590599495,-0.0002361225928178925,0.00037785900055355566,0.27709761865260524,0.0015511909954146357
Brendan Rodgers,COL,135,539,13,67,54,1,0.057513914,0.244897959,0.139720559,0.337988826,0.267465069,0.314126394,0.407185628,0.3136017778732257,0.2994594717384281,87.06819590311625,-0.8672080412507057,-9.20227640921415,-1.523686408996582,0.7531251979310014,Brendan Rodgers,17907,663898,663898,0.3235208268813509,132,541,5.024029574861368,663898,0.32795909316490396,0.3272027306991858,71,1116,COL,113.34958076477052,0.2766677880565169,0.10801080108010801,99.68496490725134,3.801137833774262,146,-0.0004987732304750636,-0.0004889055362087669,-0.0009876787666838307,0.03693398981670881,0.0003150350927486585,0.00036650878626871554,0.28292100180078933,0.035997784743545036
Nolan Schanuel,LAA,147,607,13,62,54,10,0.112026359,0.169686985,0.111753372,0.285365853,0.250481695,0.343283582,0.362235067,0.3154721189889544,0.3223162760552074,104.700086465124,-3.4775820150971413,-0.2132062425792091,-13.062057495117188,0.7068457568033597,Nolan Schanuel,33189,694384,694384,0.323953639100402,146,607,4.894563426688633,694384,0.3300100801581531,0.32983577794387864,81,1302,LAA,101.23049020767212,0.31163745067495996,0.10914681014604151,99.27378426600706,3.785458896700819,164,-0.000293674531150151,-0.00022560081173948477,-0.0005192753428896358,0.003834668313994427,0.0007262157339929445,0.0005369101461587409,0.3141888364291922,0.0031260873832705876
Alec Burleson,STL,152,595,21,71,78,9,0.058823529,0.127731092,0.151736745,0.276315789,0.268738574,0.314189189,0.420475319,0.3185683012612768,0.3330286058328919,105.91548739806632,-3.037570096552372,1.1713316113083565,-14.689480304718018,0.6580925838363327,Alec Burleson,27615,676475,676475,0.3146769522370414,152,595,4.8386554621848745,676475,0.32291949794422836,0.3181710428715739,84,1136,STL,97.5001335144043,0.3267362718167075,0.10610079575596817,100.69028692389803,3.8394722762466795,169,-0.0010027327525426234,-0.0013920743189699603,-0.0023948070715125837,-0.008167970555430726,-0.0006902869238980287,8.000798764774067e-05,0.3286021135630836,-0.009792482715397538
Alex Verdugo,NYY,149,621,13,74,61,2,0.078904991,0.149758454,0.123434705,0.252699784,0.232558139,0.290791599,0.355992844,0.2834208144509927,0.3067315089238154,84.5065494338301,-2.4940835386514664,-13.503019827261786,-1.2658147811889648,0.6005180049240338,Alex Verdugo,17027,657077,657077,0.3397510933982199,148,621,5.0144927536231885,657077,0.3320248086870409,0.39178043673241775,88,1432,NYY,98.9298939704895,0.28648652401824704,0.12718378756114604,100.06444442717176,3.8156079593509142,196,-9.220167826137216e-05,0.005968865067114426,0.005876663388853054,-0.0030657095672543266,-6.444442717176458e-05,0.0032424567584244204,0.28265007148349475,0.0061178550071949115
Andrew McCutchen,PIT,120,515,20,66,50,3,0.112621359,0.258252427,0.178571428,0.282828282,0.232142857,0.328155339,0.410714285,0.3245041865551054,0.3237934967695389,105.95487183118608,-2.863839812576771,0.8034136885471961,-13.102145433425903,0.5078340495846205,Andrew McCutchen,9847,457705,457705,0.3375149397546964,120,516,4.924418604651162,457705,0.3399551572525267,0.3307777475778497,76,1379,PIT,101.54402256011964,0.31956995436435565,0.10973837209302326,100.0870785541157,3.8164710326974425,165,0.000700833178287208,-0.0001314038483423763,0.0005694293299448317,0.004934232190749732,-8.70785541157062e-05,0.0006256444382060029,0.31953642982195696,0.006216384513016273
Nick Castellanos,PHI,162,659,23,80,86,6,0.062215477,0.210925644,0.176567657,0.293721973,0.254125412,0.311077389,0.430693069,0.32075803446806,0.336012457922307,103.70135739075258,-3.847552075982094,-0.9307448976260552,-18.74859094619751,0.2427368818727392,Nick Castellanos,11737,592206,592206,0.3117708226325457,162,663,4.883861236802414,592206,0.3206429485965159,0.330674500661864,91,1361,PHI,101.27016305923462,0.3167349837093115,0.11045655375552282,100.1919048195197,3.8204682160617653,198,-0.001230387687313872,-0.0001417285399409496,-0.0013721162272548216,0.004023050758748481,-0.0001919048195197064,0.0007333716875809381,0.31854104907059594,0.003576211038594304
Rhys Hoskins,MIL,131,517,26,59,82,3,0.102514506,0.28820116,0.204899777,0.25,0.213808463,0.302912621,0.41870824,0.3134320541810432,0.3063247621291342,101.09120767772929,-3.3119177147746086,-2.637297670947677,-12.71459674835205,0.19941526921298,Rhys Hoskins,16472,656555,656555,0.3088471645465695,134,530,4.739622641509434,656555,0.31573393198697386,0.32801644845273864,69,1224,MIL,98.89779090881348,0.3169252329104462,0.13535684987694832,100.037172194984,3.814568028066624,149,-0.0017212893482680736,-0.0004075337608534846,-0.0021288231091215583,-0.0034931787294030237,-3.717219498399515e-05,0.004468416105794762,0.3161710289309869,-0.0011164135377458246
Josh Bell,- - -,145,603,19,62,71,0,0.084577114,0.199004975,0.156133829,0.286069651,0.249070631,0.319397993,0.40520446,0.3167610388105638,0.3121468643548111,101.48972844108862,-4.083095327019692,-3.0088939477258982,-17.8531277179718,-0.0727462283066626,Josh Bell,13145,605137,605137,0.3216934886548897,145,604,5.08112582781457,605137,0.31954549691828077,0.3009282572971767,90,1368,,100.0,0.3167610388105638,0.10117302052785923,99.97383430895627,3.8121528590878784,200,-0.0013401328551373827,-0.0031163528764096785,-0.004456485731547061,0.0,2.6165691043729568e-05,-0.0006591582965686009,0.3227899716608276,-0.005141809719159392
Andrew Vaughn,CHW,149,619,19,55,70,2,0.061389337,0.213247172,0.15614035,0.285377358,0.245614035,0.297253634,0.401754385,0.3037608829183994,0.3203022780927639,97.40133149930216,-2.466633126139641,-4.307181086516193,-17.534156799316406,-0.1367604841518579,Andrew Vaughn,26197,683734,683734,0.297897513676971,149,621,5.123993558776167,683734,0.32385768407720217,0.3295423929239682,84,1309,CHW,100.31185150146484,0.30281654497620714,0.10397553516819572,99.1990629902554,3.7826096619289378,160,-0.0009089141392452428,-0.00025493931373052895,-0.0011638534529757718,0.000944337942192286,0.0008009370097446009,-0.00023878110051812825,0.3075955128695778,-0.001259233621046215
Andrew Benintendi,CHW,135,522,20,50,64,3,0.078544061,0.183908045,0.167714885,0.244505494,0.22851153,0.28927203,0.396226415,0.297897513676971,0.3103108332707331,93.27691783511646,-1.8923116028308868,-5.907856900046426,-12.740214347839355,-0.1390179481814055,Andrew Benintendi,17901,643217,643217,0.3037608829183994,135,524,4.801526717557252,643217,0.3293826011228161,0.32351016700925783,72,1043,CHW,100.31185150146484,0.2969714038950032,0.10500963391136801,99.58541113331336,3.797341698449715,135,-0.0003564224346838507,-0.0008581619052015655,-0.0012145843398854161,0.0009261097819677766,0.0004145888666866426,-8.366628904228346e-05,0.3018932270356326,-0.0007867297136465656
Adolis García,TEX,154,637,25,68,85,11,0.070643642,0.277864992,0.175862069,0.2734375,0.224137931,0.284144427,0.4,0.2958071366069824,0.3087941359270258,93.50200785778486,-0.7074820473790169,-5.443618665866167,-17.0233793258667,-0.1397595665728493,Adolis Garcia,19287,666969,666969,0.3270525670845672,154,637,4.930926216640502,666969,0.3261262472333855,0.3306375814924057,87,1368,TEX,98.6534059047699,0.299844829374188,0.10263929618768329,99.41784726096712,3.7909522356521745,182,-0.0006820578236269082,-0.00014542045688678006,-0.0008274782805136883,-0.004037692767205614,0.0005821527390328782,-0.000439216947594992,0.3046017175912734,-0.0058865407343471725
Ty France,- - -,140,535,13,46,51,1,0.071028037,0.213084112,0.131524008,0.277310924,0.233820459,0.304672897,0.365344467,0.2961297543249397,0.3056601479788807,93.48423386119002,-3.641314685344696,-7.79767591639611,-18.181398153305054,-0.8459398628693255,Ty France,17982,664034,664034,0.3262973348017762,139,536,4.94589552238806,664034,0.32995907321259665,0.32671543844851875,80,1243,,100.0,0.2961297543249397,0.09500805152979067,100.13327039875904,3.8182323972968972,171,-0.0002987752257057941,-0.0005376347612754739,-0.000836409986981268,0.0,-0.00013327039875903778,-0.0015839036462788857,0.30165252578757346,-0.002287043234501116
Christopher Morel,- - -,152,611,21,56,60,8,0.099836333,0.260229132,0.14953271,0.233333333,0.196261682,0.288052373,0.345794392,0.280430454368654,0.3160960466111511,81.1570570360714,-2.251526847481728,-15.613976544717586,-14.482837677001951,-1.0044343801189473,Christopher Morel,21897,666624,666624,0.3223288814765879,152,614,5.078175895765472,666624,0.3242932768413151,0.32816822792783096,92,1445,,100.0,0.280430454368654,0.10508002783576896,100.38608547083533,3.8278726167252906,179,-0.0008653548628339503,-0.0003923558133442529,-0.0012577106761782033,0.0,-0.00038608547083532585,-7.310720038214147e-05,0.2863150760810178,-0.0009447324057250189
Bryan De La Cruz,- - -,149,622,21,61,68,5,0.046623794,0.273311897,0.150684931,0.288944723,0.232876712,0.2705314,0.383561643,0.2826019140020493,0.3064621230512135,78.18840393888668,-2.608274795114994,-18.83157165970481,-12.421184197068214,-1.0802808416272884,Bryan De La Cruz,19600,650559,650559,0.3209455938392282,149,623,4.959871589085072,650559,0.3208235467467638,0.3261507462037546,90,1514,,100.0,0.2826019140020493,0.11464546056991386,99.88056765730086,3.808596461204139,197,-0.001212327872289082,-0.0005941039857518871,-0.001806431858040969,0.0,0.00011943234269914172,0.001361707709739593,0.2879268714278216,-0.0005641564910005177
